date,time,region,duration,distance,entity,aircraft_type,aircraft_model,purpose,sn,altitude,start_region,end_region
2023-03-31,23:15:00,Baoan,110,24.171528495652392,Company E,MultiRotor,M300,Logistics,SN1046,206,Baoan,Luohu
2023-06-13,01:47:00,Luohu,117,26.43161624831558,Company C,Helicopter,P100,Personal,SN1044,82,Luohu,Baoan
2023-01-02,15:21:00,Futian,105,7.345831852527264,Company S,MultiRotor,Autel Alpha,Inspection,SN1034,64,Nanshan,Baoan
2023-07-11,12:15:00,Futian,13,10.621162969651277,Company N,MultiRotor,Dragonfish,Surveying,SN1002,355,Baoan,Yantian
2023-05-18,15:28:00,Nanshan,65,38.58709503106431,Company H,Helicopter,P100,Logistics,SN1000,167,Dapeng,Longhua
2023-01-09,14:59:00,Guangming,71,47.72020590104392,Company A,Helicopter,Mavic 3,Emergency,SN1026,345,Guangming,Nanshan
2023-09-13,10:44:00,Luohu,77,6.11681182985716,Company N,MultiRotor,Autel Alpha,Emergency,SN1047,137,Longgang,Futian
2023-03-25,02:02:00,Baoan,115,3.1834143560094295,Company N,FixedWing,Mavic 3,Logistics,SN1016,392,Baoan,Longgang
2023-01-06,12:23:00,Nanshan,40,21.958698022261242,Company R,FixedWing,Mavic 3,Logistics,SN1046,462,Dapeng,Dapeng
2023-03-13,10:14:00,Pingshan,21,38.09687584486956,Company P,Helicopter,Autel Alpha,Inspection,SN1028,406,Yantian,Longhua
2023-05-16,07:03:00,Longgang,92,20.17295552362767,Company T,FixedWing,M300,Personal,SN1043,367,Luohu,Futian
2023-03-21,07:47:00,Nanshan,96,31.226419053438182,Company L,MultiRotor,P100,Emergency,SN1000,276,Luohu,Pingshan
2023-01-07,02:45:00,Futian,30,26.952145602880215,Company L,FixedWing,Dragonfish,Personal,SN1030,434,Dapeng,Pingshan
2023-01-03,21:16:00,Luohu,65,13.451421731943299,Company B,Helicopter,Autel Alpha,Logistics,SN1049,277,Luohu,Nanshan
2023-02-09,13:35:00,Longhua,117,30.61970646103399,Company N,FixedWing,Mavic 3,Personal,SN1004,320,Nanshan,Yantian
2023-05-12,08:28:00,Yantian,32,1.2560672990906578,Company T,Helicopter,M300,Inspection,SN1011,232,Futian,Longgang
2023-08-01,20:15:00,Baoan,100,24.32279406076522,Company S,Helicopter,M300,Emergency,SN1013,184,Yantian,Futian
2023-04-05,14:56:00,Luohu,17,10.340574720224133,Company T,Helicopter,Dragonfish,Emergency,SN1013,130,Yantian,Pingshan
2023-12-02,19:29:00,Nanshan,50,47.913749973099456,Company T,Helicopter,P100,Personal,SN1049,120,Baoan,Pingshan
2023-06-24,11:04:00,Longhua,83,49.042643170164844,Company B,Helicopter,M300,Surveying,SN1007,111,Pingshan,Dapeng
2023-09-20,17:57:00,Pingshan,112,36.2857662486432,Company O,FixedWing,Autel Alpha,Logistics,SN1006,457,Futian,Yantian
2023-08-23,02:09:00,Dapeng,108,17.276579213461453,Company P,MultiRotor,Dragonfish,Personal,SN1045,72,Nanshan,Longgang
2023-11-21,06:19:00,Longgang,24,42.77323288037487,Company S,FixedWing,Mavic 3,Logistics,SN1043,312,Baoan,Baoan
2023-01-25,11:43:00,Pingshan,44,42.43827479300095,Company N,Helicopter,M300,Emergency,SN1037,100,Dapeng,Futian
2023-01-09,20:05:00,Futian,114,39.8879065192769,Company F,FixedWing,Dragonfish,Surveying,SN1031,205,Guangming,Dapeng
2023-02-20,08:09:00,Pingshan,107,6.6010271405603005,Company A,Helicopter,Dragonfish,Surveying,SN1006,353,Yantian,Yantian
2023-10-05,10:34:00,Guangming,98,23.67070392647613,Company M,FixedWing,Mavic 3,Logistics,SN1014,307,Baoan,Nanshan
2023-04-01,21:17:00,Yantian,28,37.93719778464123,Company N,Helicopter,Autel Alpha,Surveying,SN1013,86,Futian,Longgang
2023-02-16,07:33:00,Yantian,45,45.83262104351635,Company L,MultiRotor,M300,Surveying,SN1035,344,Baoan,Yantian
2023-04-04,23:37:00,Longhua,8,8.085170897992498,Company I,Helicopter,M300,Surveying,SN1045,84,Futian,Pingshan
2023-03-27,09:02:00,Guangming,59,36.35954278051884,Company A,Helicopter,Dragonfish,Surveying,SN1035,198,Luohu,Guangming
2023-02-24,21:20:00,Futian,111,24.787863755107786,Company B,Helicopter,Autel Alpha,Personal,SN1049,69,Longgang,Longgang
2023-04-02,09:07:00,Baoan,49,10.298401072801802,Company B,FixedWing,Dragonfish,Surveying,SN1035,346,Luohu,Futian
2023-11-28,20:03:00,Longhua,70,11.244521147004484,Company J,Helicopter,Dragonfish,Personal,SN1037,452,Pingshan,Longgang
2023-07-11,13:39:00,Guangming,5,37.301719688074826,Company S,Helicopter,M300,Logistics,SN1022,77,Luohu,Dapeng
2023-04-22,23:37:00,Pingshan,22,16.521399132411563,Company K,MultiRotor,Autel Alpha,Emergency,SN1042,350,Futian,Longgang
2023-10-29,17:13:00,Luohu,6,26.86083492943249,Company H,FixedWing,Dragonfish,Personal,SN1024,103,Guangming,Longhua
2023-11-24,09:08:00,Guangming,61,22.708676898397286,Company Q,Helicopter,Dragonfish,Emergency,SN1044,137,Luohu,Longgang
2023-08-20,13:27:00,Luohu,87,16.380794500091362,Company P,FixedWing,Dragonfish,Surveying,SN1035,349,Futian,Dapeng
2023-03-24,21:54:00,Futian,36,34.261559139590375,Company C,Helicopter,Mavic 3,Surveying,SN1027,176,Longgang,Nanshan
2023-03-24,04:41:00,Dapeng,88,4.877400936899263,Company M,MultiRotor,Mavic 3,Emergency,SN1043,202,Longhua,Yantian
2023-05-13,11:53:00,Nanshan,71,7.6235384560632005,Company I,MultiRotor,Dragonfish,Surveying,SN1016,117,Pingshan,Yantian
2023-03-21,14:02:00,Guangming,98,42.09181455643208,Company I,FixedWing,M300,Emergency,SN1037,102,Baoan,Longhua
2023-01-10,20:03:00,Longgang,72,17.628012925994838,Company I,MultiRotor,M300,Emergency,SN1000,426,Dapeng,Dapeng
2023-10-10,04:17:00,Guangming,36,27.080713632522222,Company J,Helicopter,Autel Alpha,Personal,SN1006,75,Nanshan,Pingshan
2023-08-07,10:47:00,Longhua,22,49.17825651716921,Company N,Helicopter,Dragonfish,Personal,SN1006,50,Baoan,Baoan
2023-05-24,23:41:00,Dapeng,25,16.359227283272972,Company M,Helicopter,P100,Emergency,SN1030,86,Luohu,Guangming
2023-04-24,21:42:00,Baoan,25,30.051309681843886,Company P,FixedWing,Mavic 3,Surveying,SN1044,371,Guangming,Dapeng
2023-01-04,18:41:00,Nanshan,8,24.17685000167059,Company R,MultiRotor,P100,Emergency,SN1039,70,Longgang,Dapeng
2023-12-06,05:40:00,Baoan,49,30.17448764137882,Company N,MultiRotor,P100,Logistics,SN1000,443,Baoan,Futian
2023-07-29,22:59:00,Luohu,27,31.279093510607197,Company O,Helicopter,M300,Personal,SN1018,458,Yantian,Guangming
2023-09-03,13:14:00,Pingshan,113,5.017830166342957,Company E,MultiRotor,P100,Personal,SN1043,476,Longhua,Futian
2023-02-04,06:08:00,Futian,113,49.584424434676116,Company H,MultiRotor,Dragonfish,Emergency,SN1034,461,Guangming,Guangming
2023-04-19,16:54:00,Baoan,63,31.914069416970715,Company G,MultiRotor,M300,Emergency,SN1014,132,Luohu,Longgang
2023-01-28,01:22:00,Luohu,91,10.201015736214355,Company Q,MultiRotor,Dragonfish,Surveying,SN1048,122,Luohu,Nanshan
2023-09-07,23:34:00,Nanshan,99,28.803789215225652,Company K,FixedWing,P100,Personal,SN1027,294,Nanshan,Dapeng
2023-12-04,04:19:00,Dapeng,43,4.2839738736231805,Company B,Helicopter,P100,Personal,SN1044,259,Guangming,Nanshan
2023-01-15,09:43:00,Guangming,17,40.76710022393373,Company P,FixedWing,Dragonfish,Personal,SN1021,91,Baoan,Longgang
2023-07-15,12:01:00,Longgang,5,32.40657796244702,Company E,FixedWing,Mavic 3,Surveying,SN1043,158,Futian,Nanshan
2023-03-25,07:07:00,Nanshan,72,28.434760098584857,Company F,Helicopter,Dragonfish,Emergency,SN1039,409,Longhua,Guangming
2023-08-16,20:04:00,Baoan,55,4.949851839001159,Company T,Helicopter,Dragonfish,Emergency,SN1021,307,Longhua,Futian
2023-12-16,02:35:00,Longgang,106,22.927488882006273,Company E,Helicopter,P100,Logistics,SN1037,211,Longgang,Pingshan
2023-10-15,11:13:00,Guangming,37,28.982538606887847,Company P,Helicopter,M300,Emergency,SN1031,373,Yantian,Yantian
2023-01-18,16:19:00,Guangming,109,42.53327177882943,Company L,FixedWing,Autel Alpha,Logistics,SN1042,425,Longhua,Guangming
2023-11-15,13:29:00,Nanshan,35,48.55408489341332,Company A,Helicopter,Mavic 3,Surveying,SN1007,485,Baoan,Dapeng
2023-07-19,01:57:00,Yantian,65,25.54244499067325,Company B,Helicopter,M300,Inspection,SN1024,499,Longgang,Nanshan
2023-09-09,09:00:00,Longhua,44,11.48888934946794,Company O,FixedWing,M300,Personal,SN1049,103,Dapeng,Dapeng
2023-05-06,06:58:00,Yantian,62,28.839634269374642,Company R,MultiRotor,M300,Logistics,SN1040,247,Nanshan,Baoan
2023-04-23,04:38:00,Luohu,47,20.80714773901204,Company F,MultiRotor,Dragonfish,Logistics,SN1047,410,Longhua,Longgang
2023-05-15,23:50:00,Luohu,26,23.82596887407754,Company L,MultiRotor,Dragonfish,Surveying,SN1038,462,Futian,Nanshan
2023-04-30,04:39:00,Pingshan,17,20.314901951303117,Company S,FixedWing,Autel Alpha,Personal,SN1048,112,Longhua,Yantian
2023-09-15,02:34:00,Yantian,99,30.848192427578677,Company P,MultiRotor,P100,Surveying,SN1000,389,Luohu,Longhua
2023-11-23,06:17:00,Pingshan,84,41.92571746865992,Company Q,Helicopter,P100,Emergency,SN1044,461,Longhua,Futian
2023-07-13,21:09:00,Pingshan,43,45.64523424057352,Company C,FixedWing,Mavic 3,Logistics,SN1036,234,Dapeng,Longgang
2023-03-18,17:44:00,Guangming,14,16.121415780526362,Company I,Helicopter,Mavic 3,Surveying,SN1036,92,Longgang,Baoan
2023-10-22,21:36:00,Guangming,7,4.704046616001494,Company P,Helicopter,Mavic 3,Inspection,SN1013,51,Longhua,Nanshan
2023-10-07,01:21:00,Dapeng,36,29.068936277973666,Company F,MultiRotor,Dragonfish,Emergency,SN1030,393,Futian,Guangming
2023-01-13,06:44:00,Baoan,115,43.71397480652679,Company N,MultiRotor,Dragonfish,Inspection,SN1001,354,Nanshan,Dapeng
2023-11-28,15:45:00,Guangming,105,17.51409817612688,Company Q,Helicopter,P100,Personal,SN1049,59,Pingshan,Luohu
2023-02-19,17:11:00,Longhua,84,37.63948122604915,Company F,MultiRotor,P100,Personal,SN1039,455,Longgang,Yantian
2023-08-07,19:26:00,Pingshan,103,18.433108112922447,Company S,FixedWing,Mavic 3,Logistics,SN1020,410,Dapeng,Longhua
2023-07-01,15:09:00,Pingshan,110,24.991463919727465,Company C,MultiRotor,P100,Inspection,SN1044,473,Baoan,Luohu
2023-07-05,21:27:00,Longhua,71,12.575874896374529,Company E,Helicopter,M300,Inspection,SN1013,474,Baoan,Pingshan
2023-09-03,23:44:00,Luohu,112,41.393866860027515,Company O,MultiRotor,M300,Emergency,SN1003,322,Yantian,Nanshan
2023-09-27,04:33:00,Guangming,27,9.528204971292505,Company N,FixedWing,Autel Alpha,Personal,SN1017,92,Luohu,Longhua
2023-12-28,12:31:00,Baoan,9,36.811972001267414,Company F,Helicopter,P100,Logistics,SN1041,326,Dapeng,Longhua
2023-09-25,03:35:00,Pingshan,36,31.824934011106375,Company M,Helicopter,M300,Emergency,SN1039,332,Dapeng,Pingshan
2023-06-12,16:47:00,Futian,108,44.50269846120956,Company D,MultiRotor,P100,Personal,SN1011,116,Nanshan,Longgang
2023-03-20,14:30:00,Nanshan,66,20.29438169528053,Company S,Helicopter,Mavic 3,Surveying,SN1031,68,Luohu,Yantian
2023-08-11,02:01:00,Dapeng,60,24.715988258677758,Company I,Helicopter,Mavic 3,Inspection,SN1035,229,Dapeng,Guangming
2023-08-02,10:28:00,Nanshan,47,4.564473322844887,Company H,FixedWing,M300,Logistics,SN1032,395,Pingshan,Baoan
2023-01-17,23:22:00,Futian,41,33.15885237833582,Company N,Helicopter,M300,Surveying,SN1016,455,Yantian,Guangming
2023-10-04,08:31:00,Futian,31,8.43411209097793,Company Q,FixedWing,Mavic 3,Logistics,SN1027,120,Futian,Dapeng
2023-01-31,11:37:00,Futian,20,1.277102868599242,Company T,Helicopter,P100,Emergency,SN1002,295,Dapeng,Guangming
2023-04-23,03:35:00,Luohu,8,30.412155705328946,Company J,Helicopter,P100,Emergency,SN1036,314,Longhua,Yantian
2023-04-16,14:37:00,Baoan,113,6.505552903514797,Company C,Helicopter,Mavic 3,Emergency,SN1031,74,Futian,Luohu
2023-06-13,00:47:00,Futian,98,31.978924591693936,Company Q,MultiRotor,P100,Surveying,SN1035,425,Dapeng,Nanshan
2023-07-29,12:39:00,Nanshan,118,10.92071187388323,Company S,Helicopter,M300,Emergency,SN1006,121,Futian,Futian
2023-12-24,12:33:00,Pingshan,77,25.714752308380287,Company R,MultiRotor,M300,Emergency,SN1019,90,Guangming,Longgang
2023-11-02,11:22:00,Luohu,118,37.63587344859929,Company G,MultiRotor,Dragonfish,Inspection,SN1009,189,Futian,Luohu
2023-11-10,18:03:00,Longgang,70,41.81991878350032,Company B,MultiRotor,M300,Personal,SN1048,170,Pingshan,Pingshan
2023-09-03,23:07:00,Guangming,59,3.651577069802416,Company C,FixedWing,Mavic 3,Inspection,SN1030,74,Pingshan,Yantian
2023-11-30,02:30:00,Luohu,91,25.37435786537004,Company E,Helicopter,M300,Personal,SN1036,51,Nanshan,Longgang
2023-10-11,13:10:00,Yantian,72,31.82829330470301,Company R,FixedWing,Mavic 3,Emergency,SN1020,221,Luohu,Guangming
2023-07-25,23:01:00,Luohu,102,32.15369845051624,Company Q,MultiRotor,P100,Logistics,SN1002,228,Dapeng,Guangming
2023-02-09,00:48:00,Futian,114,25.615196403074876,Company M,Helicopter,Dragonfish,Emergency,SN1024,283,Futian,Longgang
2023-06-01,09:38:00,Yantian,87,46.23236760817444,Company A,MultiRotor,Mavic 3,Emergency,SN1039,389,Guangming,Dapeng
2023-10-05,04:55:00,Baoan,71,21.184215550954136,Company R,FixedWing,M300,Surveying,SN1022,178,Dapeng,Pingshan
2023-06-07,09:16:00,Yantian,29,8.002078826721807,Company O,Helicopter,Dragonfish,Surveying,SN1010,155,Dapeng,Yantian
2023-07-19,05:27:00,Longgang,24,43.58413113026141,Company M,Helicopter,Mavic 3,Surveying,SN1040,299,Longgang,Futian
2023-01-09,00:46:00,Futian,61,26.1932788624636,Company I,Helicopter,Autel Alpha,Surveying,SN1045,450,Baoan,Baoan
2023-09-26,04:26:00,Longgang,85,18.792496792516978,Company L,MultiRotor,M300,Emergency,SN1024,496,Pingshan,Pingshan
2023-04-13,09:31:00,Futian,57,48.7175340874684,Company Q,FixedWing,M300,Logistics,SN1040,107,Longgang,Longhua
2023-01-14,11:30:00,Baoan,16,16.358606125625492,Company G,MultiRotor,Dragonfish,Personal,SN1029,449,Futian,Futian
2023-02-27,22:42:00,Baoan,38,47.37495586265071,Company P,MultiRotor,Autel Alpha,Surveying,SN1036,400,Guangming,Nanshan
2023-10-24,15:50:00,Luohu,117,47.98739640694734,Company T,FixedWing,Dragonfish,Surveying,SN1041,158,Luohu,Guangming
2023-09-22,17:27:00,Yantian,85,23.80593861544972,Company H,MultiRotor,Mavic 3,Inspection,SN1008,253,Baoan,Longgang
2023-12-14,21:44:00,Longhua,11,29.37947903335795,Company O,FixedWing,P100,Surveying,SN1009,56,Yantian,Futian
2023-12-06,09:02:00,Dapeng,13,40.51464988382818,Company P,FixedWing,M300,Inspection,SN1038,405,Longhua,Longhua
2023-12-22,03:26:00,Baoan,108,13.428781914538847,Company C,FixedWing,P100,Logistics,SN1021,309,Futian,Luohu
2023-08-09,01:10:00,Baoan,34,44.16304931855754,Company D,MultiRotor,M300,Personal,SN1014,144,Dapeng,Baoan
2023-12-18,20:29:00,Dapeng,70,17.487853682991137,Company A,Helicopter,M300,Logistics,SN1000,360,Yantian,Luohu
2023-06-17,22:57:00,Dapeng,17,36.51984774941928,Company I,FixedWing,Autel Alpha,Emergency,SN1038,468,Guangming,Baoan
2023-08-19,20:22:00,Longgang,104,44.15267619578237,Company E,FixedWing,Dragonfish,Emergency,SN1017,65,Nanshan,Pingshan
2023-05-26,18:37:00,Guangming,13,13.240283014657857,Company E,MultiRotor,P100,Emergency,SN1004,208,Yantian,Nanshan
2023-09-29,04:53:00,Guangming,34,4.648091970169355,Company E,FixedWing,Dragonfish,Inspection,SN1015,63,Nanshan,Longhua
2023-05-24,15:54:00,Longhua,117,25.59767722095055,Company D,Helicopter,Autel Alpha,Inspection,SN1042,161,Nanshan,Dapeng
2023-11-28,21:41:00,Dapeng,55,40.719728170496204,Company M,FixedWing,P100,Surveying,SN1033,146,Luohu,Luohu
2023-03-05,17:23:00,Futian,51,1.0485533054827894,Company P,FixedWing,P100,Inspection,SN1035,450,Longgang,Longgang
2023-10-01,16:48:00,Longgang,20,4.42077279933862,Company H,FixedWing,Mavic 3,Personal,SN1000,309,Futian,Pingshan
2023-04-10,07:11:00,Yantian,118,23.096743184654258,Company L,Helicopter,Dragonfish,Logistics,SN1016,73,Longgang,Nanshan
2023-09-12,06:00:00,Longgang,105,30.687769789331877,Company S,Helicopter,P100,Surveying,SN1002,246,Dapeng,Yantian
2023-12-22,17:30:00,Luohu,49,11.3186436782311,Company J,FixedWing,Mavic 3,Emergency,SN1009,293,Guangming,Baoan
2023-12-23,18:44:00,Longgang,9,23.7484070034393,Company G,Helicopter,M300,Personal,SN1020,469,Dapeng,Pingshan
2023-11-05,22:43:00,Longgang,117,2.128340713201935,Company A,Helicopter,M300,Inspection,SN1033,191,Dapeng,Baoan
2023-12-26,13:04:00,Pingshan,81,17.822010052883478,Company G,FixedWing,M300,Inspection,SN1039,338,Guangming,Luohu
2023-09-04,19:28:00,Futian,43,46.14290598723426,Company F,FixedWing,M300,Surveying,SN1018,108,Guangming,Nanshan
2023-02-11,22:26:00,Longhua,113,40.71482448226455,Company M,FixedWing,M300,Emergency,SN1046,375,Pingshan,Nanshan
2023-12-07,16:06:00,Futian,99,6.603715979680925,Company T,FixedWing,M300,Personal,SN1038,285,Longhua,Dapeng
2023-10-29,03:15:00,Nanshan,88,38.42417165514302,Company I,FixedWing,P100,Surveying,SN1008,251,Guangming,Luohu
2023-04-10,17:14:00,Nanshan,86,32.206619072447175,Company Q,MultiRotor,M300,Inspection,SN1007,82,Futian,Pingshan
2023-09-03,20:46:00,Longhua,37,44.79495526254944,Company L,FixedWing,Mavic 3,Logistics,SN1039,316,Longhua,Yantian
2023-02-12,03:38:00,Nanshan,17,20.009878874021684,Company H,Helicopter,M300,Personal,SN1009,408,Longgang,Nanshan
2023-10-12,17:41:00,Pingshan,43,27.85365904874221,Company J,FixedWing,Dragonfish,Emergency,SN1022,425,Guangming,Luohu
2023-12-31,16:20:00,Baoan,114,7.205185150820305,Company C,FixedWing,Dragonfish,Surveying,SN1044,411,Guangming,Yantian
2023-07-19,10:39:00,Luohu,64,12.10927635840451,Company K,Helicopter,Autel Alpha,Surveying,SN1036,284,Dapeng,Longhua
2023-08-17,04:30:00,Dapeng,31,34.885340210104175,Company F,MultiRotor,P100,Personal,SN1005,301,Yantian,Futian
2023-02-01,15:03:00,Longgang,8,10.989170849727678,Company B,MultiRotor,Autel Alpha,Inspection,SN1021,263,Longhua,Baoan
2023-07-19,17:25:00,Longhua,23,45.74188650815588,Company D,Helicopter,P100,Emergency,SN1003,365,Pingshan,Guangming
2023-11-14,02:55:00,Guangming,20,5.324981681250296,Company M,MultiRotor,Autel Alpha,Personal,SN1007,222,Guangming,Nanshan
2023-01-12,06:39:00,Luohu,5,7.470485446223513,Company K,Helicopter,M300,Emergency,SN1046,76,Baoan,Futian
2023-12-13,17:44:00,Guangming,37,41.88187159006899,Company G,FixedWing,M300,Inspection,SN1031,462,Longhua,Longgang
2023-01-06,10:48:00,Futian,99,1.6849272132532687,Company K,Helicopter,M300,Logistics,SN1049,387,Longgang,Guangming
2023-10-03,13:17:00,Nanshan,40,27.7481908504487,Company F,Helicopter,P100,Emergency,SN1040,421,Baoan,Baoan
2023-12-07,02:02:00,Guangming,46,36.21220829223618,Company L,Helicopter,Autel Alpha,Emergency,SN1012,488,Guangming,Longgang
2023-01-06,07:50:00,Longgang,46,41.53901667992749,Company L,FixedWing,Mavic 3,Personal,SN1015,480,Guangming,Longgang
2023-01-08,13:53:00,Longgang,114,37.52814438301845,Company N,MultiRotor,M300,Surveying,SN1010,496,Yantian,Yantian
2023-07-16,18:53:00,Dapeng,119,7.758356879453968,Company G,MultiRotor,Mavic 3,Logistics,SN1029,233,Guangming,Longhua
2023-01-18,03:43:00,Pingshan,6,8.931992377320128,Company J,MultiRotor,Mavic 3,Personal,SN1036,459,Yantian,Longhua
2023-10-03,04:30:00,Nanshan,85,14.469220804220187,Company G,MultiRotor,Autel Alpha,Logistics,SN1046,170,Longgang,Nanshan
2023-11-01,14:17:00,Longhua,40,1.1734909432497802,Company N,FixedWing,Dragonfish,Surveying,SN1017,199,Longhua,Luohu
2023-04-15,10:51:00,Luohu,27,14.57053811609264,Company B,Helicopter,P100,Emergency,SN1032,190,Guangming,Longhua
2023-08-04,11:39:00,Pingshan,57,35.10242862135737,Company J,FixedWing,P100,Personal,SN1003,489,Guangming,Pingshan
2023-03-11,01:25:00,Luohu,31,22.27971373070039,Company O,FixedWing,Autel Alpha,Emergency,SN1028,484,Luohu,Yantian
2023-08-25,06:52:00,Luohu,62,33.9282128254924,Company Q,Helicopter,Dragonfish,Inspection,SN1017,276,Longhua,Nanshan
2023-12-07,11:54:00,Guangming,28,7.585544034616981,Company H,MultiRotor,Autel Alpha,Personal,SN1013,402,Nanshan,Longhua
2023-09-03,21:34:00,Pingshan,27,4.855738022246024,Company I,Helicopter,Mavic 3,Inspection,SN1005,261,Dapeng,Guangming
2023-10-12,15:33:00,Longhua,46,23.102847697565597,Company J,FixedWing,P100,Logistics,SN1031,253,Dapeng,Guangming
2023-06-06,20:15:00,Nanshan,40,3.5082359320101997,Company C,Helicopter,M300,Surveying,SN1025,498,Futian,Dapeng
2023-07-14,01:21:00,Nanshan,11,35.04004232413362,Company F,FixedWing,Mavic 3,Logistics,SN1017,171,Futian,Pingshan
2023-09-04,00:10:00,Luohu,66,11.57961930283098,Company D,Helicopter,Mavic 3,Emergency,SN1044,178,Baoan,Guangming
2023-07-28,10:10:00,Nanshan,107,25.322497010124298,Company D,FixedWing,Autel Alpha,Logistics,SN1014,472,Guangming,Dapeng
2023-06-01,13:06:00,Longhua,52,16.013288793806986,Company M,MultiRotor,M300,Personal,SN1039,443,Longgang,Baoan
2023-09-15,23:13:00,Pingshan,41,47.73990848168752,Company A,FixedWing,Mavic 3,Surveying,SN1004,274,Dapeng,Luohu
2023-07-13,03:53:00,Futian,63,6.061330236767971,Company A,MultiRotor,M300,Surveying,SN1014,53,Guangming,Baoan
2023-12-10,09:54:00,Guangming,61,19.68633634571099,Company E,FixedWing,Autel Alpha,Personal,SN1011,442,Yantian,Luohu
2023-04-06,17:36:00,Futian,104,19.742312744862883,Company G,Helicopter,Autel Alpha,Inspection,SN1026,161,Baoan,Luohu
2023-12-18,08:13:00,Yantian,30,38.50039705690781,Company P,MultiRotor,P100,Emergency,SN1015,204,Futian,Nanshan
2023-01-06,14:36:00,Dapeng,61,38.85841986414823,Company D,MultiRotor,P100,Personal,SN1004,184,Nanshan,Luohu
2023-01-03,08:15:00,Longgang,107,29.78248890755188,Company B,MultiRotor,Dragonfish,Surveying,SN1033,424,Futian,Luohu
2023-06-03,22:38:00,Pingshan,20,44.27267959557013,Company O,Helicopter,Dragonfish,Logistics,SN1003,421,Luohu,Luohu
2023-09-02,04:57:00,Baoan,118,19.144090329470426,Company N,Helicopter,Dragonfish,Emergency,SN1005,274,Pingshan,Luohu
2023-01-31,18:25:00,Guangming,39,45.6756712679133,Company M,FixedWing,Mavic 3,Personal,SN1015,474,Yantian,Yantian
2023-02-23,13:32:00,Longhua,37,24.84820579680165,Company M,MultiRotor,M300,Logistics,SN1042,80,Longgang,Longhua
2023-02-03,17:57:00,Futian,60,26.357780898316268,Company I,FixedWing,Autel Alpha,Inspection,SN1041,190,Baoan,Nanshan
2023-06-28,22:25:00,Longhua,119,46.12256042637812,Company L,MultiRotor,M300,Logistics,SN1012,393,Guangming,Baoan
2023-02-27,22:20:00,Baoan,54,10.858152159579245,Company M,MultiRotor,Dragonfish,Logistics,SN1000,403,Longgang,Yantian
2023-02-07,09:03:00,Longgang,23,44.67557576990077,Company Q,MultiRotor,Mavic 3,Logistics,SN1037,203,Nanshan,Guangming
2023-02-20,01:42:00,Yantian,107,36.23009600445325,Company E,FixedWing,Autel Alpha,Inspection,SN1040,484,Guangming,Baoan
2023-06-19,07:38:00,Luohu,101,41.04135642907142,Company E,Helicopter,M300,Personal,SN1037,265,Longgang,Yantian
2023-07-15,22:37:00,Longgang,102,35.461755176624045,Company S,Helicopter,P100,Personal,SN1046,156,Guangming,Longhua
2023-12-26,06:49:00,Futian,31,24.067760341060954,Company H,FixedWing,P100,Surveying,SN1023,483,Longhua,Guangming
2023-01-03,09:18:00,Guangming,55,6.839511792953235,Company D,MultiRotor,P100,Surveying,SN1043,349,Dapeng,Futian
2023-04-25,12:51:00,Guangming,103,43.84944404730799,Company J,FixedWing,Mavic 3,Inspection,SN1018,280,Pingshan,Pingshan
2023-05-21,11:05:00,Yantian,98,38.360897850371835,Company R,FixedWing,Mavic 3,Personal,SN1033,114,Longgang,Guangming
2023-11-08,08:52:00,Futian,32,38.72517275311663,Company I,FixedWing,M300,Logistics,SN1006,238,Pingshan,Nanshan
2023-05-15,11:30:00,Pingshan,56,31.61672998889064,Company T,Helicopter,Dragonfish,Surveying,SN1048,193,Nanshan,Longgang
2023-09-17,17:35:00,Luohu,26,4.7332387233573945,Company E,MultiRotor,Autel Alpha,Surveying,SN1020,390,Dapeng,Longgang
2023-12-19,01:58:00,Luohu,61,33.055493425849875,Company D,MultiRotor,M300,Logistics,SN1021,391,Pingshan,Guangming
2023-02-16,15:11:00,Longhua,106,42.82583504228814,Company M,MultiRotor,Mavic 3,Surveying,SN1002,129,Baoan,Nanshan
2023-06-16,08:00:00,Baoan,76,43.17523446069559,Company G,MultiRotor,P100,Logistics,SN1020,237,Baoan,Baoan
2023-08-08,06:37:00,Longgang,117,15.363432349329553,Company F,FixedWing,Autel Alpha,Surveying,SN1036,474,Longgang,Nanshan
2023-07-26,08:43:00,Futian,25,18.21727863331716,Company I,FixedWing,P100,Emergency,SN1042,243,Longgang,Futian
2023-12-22,12:18:00,Longgang,56,28.758355758858613,Company A,MultiRotor,Dragonfish,Logistics,SN1026,433,Baoan,Luohu
2023-11-21,02:18:00,Dapeng,69,49.74337766521108,Company H,FixedWing,Autel Alpha,Inspection,SN1043,326,Luohu,Futian
2023-03-26,16:09:00,Pingshan,55,7.1683947529703005,Company Q,FixedWing,Mavic 3,Emergency,SN1041,362,Nanshan,Longhua
2023-07-18,03:24:00,Nanshan,86,36.54151391319608,Company D,Helicopter,Mavic 3,Emergency,SN1044,113,Yantian,Baoan
2023-10-29,05:29:00,Longhua,43,4.977781754646006,Company M,Helicopter,M300,Emergency,SN1022,396,Futian,Nanshan
2023-04-01,15:24:00,Dapeng,62,13.412379590822619,Company J,MultiRotor,Mavic 3,Logistics,SN1024,432,Yantian,Nanshan
2023-04-17,08:58:00,Longgang,11,34.24562653635046,Company O,MultiRotor,Dragonfish,Logistics,SN1036,222,Nanshan,Baoan
2023-07-17,20:52:00,Guangming,70,1.662310588056745,Company G,FixedWing,Dragonfish,Surveying,SN1006,108,Nanshan,Yantian
2023-02-01,22:25:00,Dapeng,109,4.687277939727779,Company I,MultiRotor,Autel Alpha,Logistics,SN1027,233,Guangming,Futian
2023-03-08,12:12:00,Futian,107,12.38478744994353,Company J,Helicopter,Dragonfish,Personal,SN1036,113,Luohu,Luohu
2023-10-24,02:44:00,Futian,101,40.481907689684746,Company I,FixedWing,M300,Inspection,SN1017,101,Longgang,Nanshan
2023-01-21,02:43:00,Yantian,10,1.7535395580463309,Company Q,Helicopter,P100,Logistics,SN1037,455,Longhua,Nanshan
2023-07-08,10:52:00,Longhua,43,39.53407861706619,Company B,MultiRotor,Mavic 3,Personal,SN1027,195,Futian,Longgang
2023-07-31,08:46:00,Longgang,35,15.352086072003816,Company K,FixedWing,M300,Surveying,SN1045,164,Yantian,Longgang
2023-07-26,22:23:00,Nanshan,45,23.163205393748527,Company O,MultiRotor,Dragonfish,Inspection,SN1049,422,Longhua,Luohu
2023-01-07,08:32:00,Longhua,53,22.345338617931066,Company Q,FixedWing,P100,Personal,SN1035,464,Longgang,Longgang
2023-09-27,11:11:00,Longhua,50,1.6669376962511733,Company Q,MultiRotor,Dragonfish,Inspection,SN1027,420,Guangming,Yantian
2023-06-21,10:19:00,Pingshan,82,29.592208154355102,Company N,FixedWing,M300,Personal,SN1049,432,Dapeng,Dapeng
2023-08-03,13:27:00,Luohu,87,34.68186745258047,Company K,FixedWing,Mavic 3,Inspection,SN1004,274,Longgang,Nanshan
2023-07-11,06:26:00,Nanshan,16,34.2935282004318,Company J,FixedWing,P100,Personal,SN1036,219,Nanshan,Guangming
2023-12-27,02:24:00,Guangming,115,30.95221171699683,Company S,MultiRotor,Mavic 3,Personal,SN1033,187,Baoan,Baoan
2023-04-11,02:16:00,Guangming,107,1.0438500071779935,Company R,Helicopter,Autel Alpha,Personal,SN1011,245,Baoan,Longhua
2023-04-25,05:03:00,Nanshan,12,24.844097701302125,Company N,MultiRotor,Autel Alpha,Inspection,SN1014,58,Baoan,Baoan
2023-06-17,08:30:00,Baoan,22,28.93267213618802,Company Q,MultiRotor,Dragonfish,Logistics,SN1035,284,Longgang,Guangming
2023-03-24,06:55:00,Baoan,23,19.21425693170543,Company I,FixedWing,M300,Surveying,SN1038,456,Nanshan,Pingshan
2023-12-17,21:09:00,Luohu,103,23.59182491296736,Company T,FixedWing,M300,Personal,SN1000,400,Longgang,Longhua
2023-04-07,23:48:00,Luohu,108,37.15169840937409,Company E,Helicopter,M300,Logistics,SN1045,177,Luohu,Dapeng
2023-06-12,13:50:00,Futian,23,37.33512977268889,Company B,MultiRotor,Autel Alpha,Emergency,SN1043,292,Nanshan,Guangming
2023-05-01,04:44:00,Yantian,65,10.549010047378,Company T,MultiRotor,Dragonfish,Personal,SN1042,160,Dapeng,Futian
2023-09-14,10:31:00,Dapeng,108,3.1012048302638227,Company A,MultiRotor,Dragonfish,Inspection,SN1008,226,Pingshan,Luohu
2023-02-21,20:01:00,Luohu,39,29.979413192731347,Company P,Helicopter,Autel Alpha,Emergency,SN1009,324,Guangming,Guangming
2023-12-05,10:52:00,Futian,116,49.51428540927444,Company O,FixedWing,M300,Personal,SN1000,108,Longgang,Pingshan
2023-05-27,05:44:00,Yantian,73,15.38213642815977,Company K,FixedWing,M300,Personal,SN1037,425,Dapeng,Luohu
2023-07-22,02:11:00,Baoan,13,30.106066569318394,Company D,MultiRotor,Dragonfish,Surveying,SN1015,452,Longhua,Yantian
2023-03-27,05:05:00,Dapeng,93,18.061142933925076,Company A,Helicopter,Dragonfish,Inspection,SN1003,196,Futian,Longhua
2023-03-12,21:16:00,Dapeng,89,6.840051556247223,Company K,MultiRotor,Mavic 3,Surveying,SN1046,352,Longgang,Guangming
2023-01-30,00:56:00,Dapeng,81,49.7593515655523,Company K,Helicopter,M300,Emergency,SN1034,79,Futian,Nanshan
2023-12-05,10:45:00,Pingshan,103,19.25990389524035,Company H,Helicopter,P100,Logistics,SN1009,222,Nanshan,Longhua
2023-02-18,08:40:00,Futian,8,45.87289248800002,Company C,Helicopter,Autel Alpha,Surveying,SN1047,481,Longhua,Yantian
2023-11-22,02:30:00,Yantian,112,42.19748133186477,Company D,Helicopter,M300,Surveying,SN1015,474,Baoan,Longgang
2023-09-17,15:59:00,Pingshan,6,16.64560667615022,Company N,Helicopter,Mavic 3,Logistics,SN1006,70,Baoan,Yantian
2023-02-16,17:16:00,Dapeng,8,31.880983734859143,Company H,FixedWing,P100,Emergency,SN1033,342,Yantian,Longgang
2023-01-27,02:05:00,Guangming,49,46.961662285239335,Company E,FixedWing,Mavic 3,Logistics,SN1024,93,Dapeng,Pingshan
2023-11-10,11:09:00,Futian,40,46.798042114268995,Company R,MultiRotor,Dragonfish,Personal,SN1009,372,Longhua,Dapeng
2023-09-18,03:17:00,Pingshan,77,15.07911431402015,Company T,MultiRotor,P100,Logistics,SN1016,440,Yantian,Baoan
2023-02-14,08:53:00,Longhua,37,33.55025724512115,Company L,FixedWing,M300,Emergency,SN1047,353,Nanshan,Dapeng
2023-11-09,17:57:00,Luohu,26,30.63500069262021,Company H,MultiRotor,Mavic 3,Logistics,SN1004,302,Nanshan,Luohu
2023-04-27,15:55:00,Dapeng,102,13.910737662343793,Company B,FixedWing,Mavic 3,Emergency,SN1013,127,Pingshan,Longgang
2023-10-17,15:56:00,Baoan,66,2.8432536671237507,Company T,Helicopter,Mavic 3,Emergency,SN1039,447,Baoan,Longhua
2023-09-16,06:05:00,Dapeng,48,46.74669655652422,Company C,MultiRotor,Dragonfish,Emergency,SN1032,380,Guangming,Yantian
2023-11-15,17:02:00,Baoan,37,10.617839933005495,Company R,Helicopter,Dragonfish,Inspection,SN1027,284,Luohu,Longhua
2023-12-25,13:24:00,Yantian,118,9.89305505290039,Company M,Helicopter,Autel Alpha,Personal,SN1043,439,Baoan,Longhua
2023-10-22,10:14:00,Nanshan,114,1.0108720965281268,Company L,Helicopter,Autel Alpha,Personal,SN1008,380,Dapeng,Pingshan
2023-03-25,20:20:00,Guangming,19,4.6037376606736835,Company I,FixedWing,Mavic 3,Logistics,SN1048,416,Yantian,Dapeng
2023-07-31,23:10:00,Longgang,43,18.597279023616462,Company S,FixedWing,Mavic 3,Surveying,SN1014,337,Pingshan,Luohu
2023-09-03,03:25:00,Guangming,69,29.788346532860352,Company Q,MultiRotor,M300,Inspection,SN1031,100,Futian,Nanshan
2023-11-28,17:49:00,Nanshan,58,27.458347856078177,Company R,FixedWing,Mavic 3,Surveying,SN1008,378,Nanshan,Futian
2023-01-15,07:55:00,Longhua,118,14.898995793055242,Company D,FixedWing,P100,Personal,SN1004,441,Dapeng,Longgang
2023-05-31,06:51:00,Yantian,55,20.953433308516576,Company B,MultiRotor,P100,Emergency,SN1024,102,Longhua,Yantian
2023-05-29,20:31:00,Dapeng,18,40.94902765387385,Company K,MultiRotor,P100,Surveying,SN1042,107,Luohu,Yantian
2023-12-06,07:32:00,Pingshan,99,19.48035397121986,Company B,Helicopter,M300,Personal,SN1010,102,Baoan,Longgang
2023-01-23,20:19:00,Yantian,96,38.56277051224829,Company T,Helicopter,Dragonfish,Inspection,SN1003,415,Dapeng,Luohu
2023-11-03,07:58:00,Guangming,90,15.61661105514385,Company D,Helicopter,Dragonfish,Emergency,SN1015,157,Yantian,Futian
2023-12-08,16:10:00,Guangming,10,22.987927633188047,Company B,FixedWing,M300,Inspection,SN1041,159,Yantian,Pingshan
2023-09-23,07:07:00,Baoan,92,25.755133463204277,Company A,MultiRotor,Mavic 3,Emergency,SN1036,366,Baoan,Baoan
2023-12-06,09:14:00,Baoan,57,47.905140632076936,Company B,Helicopter,Autel Alpha,Logistics,SN1013,319,Futian,Longhua
2023-03-18,06:29:00,Pingshan,57,21.061590731519747,Company A,FixedWing,Autel Alpha,Surveying,SN1015,314,Pingshan,Futian
2023-01-07,08:26:00,Baoan,6,31.292389782174826,Company I,FixedWing,M300,Surveying,SN1024,169,Baoan,Baoan
2023-07-18,17:08:00,Longhua,73,14.959216666037204,Company O,MultiRotor,Dragonfish,Logistics,SN1017,344,Longgang,Longgang
2023-05-10,10:08:00,Yantian,33,19.423457000803307,Company M,MultiRotor,M300,Inspection,SN1011,65,Longhua,Luohu
2023-02-06,07:00:00,Guangming,50,42.99957365928925,Company F,MultiRotor,Autel Alpha,Inspection,SN1036,156,Nanshan,Futian
2023-12-24,05:16:00,Yantian,33,35.8498257144256,Company F,Helicopter,M300,Emergency,SN1019,204,Dapeng,Guangming
2023-03-27,03:23:00,Guangming,83,40.8810392627176,Company A,FixedWing,Dragonfish,Inspection,SN1021,64,Guangming,Yantian
2023-06-26,19:53:00,Futian,44,24.714652553606985,Company B,FixedWing,Autel Alpha,Personal,SN1022,183,Longhua,Dapeng
2023-04-11,03:56:00,Longgang,99,22.180389763816763,Company P,FixedWing,Dragonfish,Logistics,SN1010,243,Guangming,Dapeng
2023-07-16,06:35:00,Dapeng,91,30.75527868709291,Company L,FixedWing,Mavic 3,Surveying,SN1048,467,Baoan,Baoan
2023-06-30,02:29:00,Futian,74,34.774279972917746,Company R,MultiRotor,Autel Alpha,Inspection,SN1000,368,Nanshan,Dapeng
2023-12-14,04:55:00,Guangming,107,13.283780257157138,Company R,FixedWing,P100,Emergency,SN1047,335,Futian,Luohu
2023-04-10,17:40:00,Pingshan,56,12.858414499205924,Company I,FixedWing,P100,Emergency,SN1043,176,Dapeng,Futian
2023-05-31,03:10:00,Pingshan,112,18.32812564451826,Company L,MultiRotor,Autel Alpha,Emergency,SN1001,274,Futian,Luohu
2023-10-13,00:37:00,Dapeng,116,49.09079911299659,Company T,Helicopter,M300,Inspection,SN1030,210,Yantian,Yantian
2023-11-09,14:19:00,Pingshan,24,29.131361715905893,Company S,Helicopter,P100,Surveying,SN1038,426,Dapeng,Pingshan
2023-08-05,14:11:00,Nanshan,47,41.533683893512844,Company F,Helicopter,Autel Alpha,Inspection,SN1024,213,Luohu,Baoan
2023-08-28,16:25:00,Luohu,81,4.271636999346453,Company N,FixedWing,P100,Personal,SN1017,57,Longgang,Luohu
2023-02-06,13:04:00,Luohu,14,5.430486055939632,Company R,MultiRotor,P100,Logistics,SN1016,323,Yantian,Baoan
2023-12-20,03:25:00,Yantian,100,45.976604962860655,Company K,FixedWing,Dragonfish,Logistics,SN1018,467,Nanshan,Yantian
2023-03-09,10:00:00,Longhua,6,24.02046436443682,Company D,MultiRotor,Dragonfish,Inspection,SN1018,279,Longhua,Pingshan
2023-07-15,17:57:00,Dapeng,90,17.741712900623565,Company P,Helicopter,Mavic 3,Logistics,SN1041,432,Nanshan,Pingshan
2023-02-09,09:47:00,Pingshan,12,43.18580867126955,Company J,Helicopter,M300,Surveying,SN1045,397,Longgang,Dapeng
2023-10-05,07:53:00,Longgang,45,11.481018115823607,Company H,MultiRotor,P100,Personal,SN1039,170,Guangming,Guangming
2023-03-10,09:30:00,Guangming,107,41.209296398536296,Company D,Helicopter,Mavic 3,Emergency,SN1022,57,Futian,Longhua
2023-12-30,13:29:00,Longhua,47,25.022134058508296,Company B,MultiRotor,Mavic 3,Emergency,SN1027,425,Nanshan,Baoan
2023-05-25,10:29:00,Yantian,82,21.401631940066483,Company L,Helicopter,Dragonfish,Logistics,SN1046,410,Longgang,Dapeng
2023-10-03,10:20:00,Baoan,84,6.542878081930082,Company G,Helicopter,Autel Alpha,Inspection,SN1028,348,Guangming,Baoan
2023-10-13,13:03:00,Longhua,17,48.64159709324055,Company H,FixedWing,Dragonfish,Surveying,SN1014,324,Futian,Pingshan
2023-12-15,08:28:00,Nanshan,7,32.57033732210073,Company T,FixedWing,Mavic 3,Logistics,SN1027,138,Baoan,Guangming
2023-09-24,22:35:00,Pingshan,22,33.00391589061868,Company E,Helicopter,P100,Emergency,SN1027,226,Longgang,Pingshan
2023-12-06,08:56:00,Nanshan,37,41.673641245354666,Company K,Helicopter,Mavic 3,Inspection,SN1023,76,Baoan,Yantian
2023-07-26,06:55:00,Dapeng,23,10.297909656994946,Company R,FixedWing,M300,Inspection,SN1027,157,Nanshan,Luohu
2023-02-20,11:19:00,Yantian,31,35.65955345417664,Company O,Helicopter,P100,Logistics,SN1022,256,Futian,Longhua
2023-01-23,01:42:00,Baoan,119,31.981421268389504,Company C,FixedWing,Autel Alpha,Personal,SN1042,377,Longhua,Baoan
2023-08-04,20:31:00,Luohu,62,25.503652800539403,Company M,Helicopter,Mavic 3,Personal,SN1026,456,Yantian,Longhua
2023-09-24,02:39:00,Guangming,53,15.92317930331334,Company J,FixedWing,P100,Emergency,SN1025,435,Dapeng,Dapeng
2023-10-05,14:08:00,Longhua,84,32.587269320643465,Company A,MultiRotor,Dragonfish,Logistics,SN1001,83,Longhua,Dapeng
2023-09-30,22:22:00,Longhua,118,43.98404366064025,Company Q,FixedWing,Mavic 3,Surveying,SN1001,425,Nanshan,Futian
2023-06-13,09:38:00,Luohu,61,29.573530121548785,Company S,Helicopter,Dragonfish,Inspection,SN1040,81,Nanshan,Longhua
2023-09-08,17:06:00,Longgang,67,19.284839792100534,Company Q,FixedWing,Dragonfish,Personal,SN1045,376,Nanshan,Longgang
2023-04-26,06:06:00,Yantian,13,43.57473303360598,Company J,Helicopter,Dragonfish,Logistics,SN1044,271,Futian,Baoan
2023-06-12,16:26:00,Guangming,93,36.85274381428254,Company H,MultiRotor,Autel Alpha,Personal,SN1032,61,Pingshan,Dapeng
2023-06-10,20:09:00,Luohu,69,49.46967915191348,Company S,FixedWing,Mavic 3,Inspection,SN1031,335,Yantian,Longhua
2023-04-22,22:48:00,Pingshan,15,33.240666647176276,Company T,Helicopter,Dragonfish,Surveying,SN1006,88,Futian,Guangming
2023-08-13,13:33:00,Nanshan,31,20.81078160712586,Company N,MultiRotor,Mavic 3,Surveying,SN1015,436,Dapeng,Dapeng
2023-12-25,11:16:00,Yantian,87,3.0204994305843123,Company K,FixedWing,Dragonfish,Logistics,SN1030,221,Luohu,Yantian
2023-01-02,00:35:00,Guangming,47,39.95706391849608,Company O,MultiRotor,Mavic 3,Surveying,SN1031,132,Futian,Futian
2023-09-17,10:16:00,Guangming,44,40.3757316746632,Company M,Helicopter,Dragonfish,Inspection,SN1049,419,Guangming,Baoan
2023-12-17,01:48:00,Nanshan,64,40.89614827959621,Company N,Helicopter,M300,Personal,SN1025,93,Luohu,Pingshan
2023-11-09,11:43:00,Longhua,68,37.21322823933461,Company F,MultiRotor,P100,Inspection,SN1022,389,Longhua,Dapeng
2023-01-07,10:20:00,Luohu,115,42.75916298655258,Company C,FixedWing,M300,Logistics,SN1014,199,Dapeng,Pingshan
2023-01-06,21:27:00,Longhua,97,25.23736368256718,Company R,Helicopter,P100,Emergency,SN1025,351,Longhua,Pingshan
2023-09-04,13:58:00,Guangming,18,7.123463867480346,Company F,FixedWing,Dragonfish,Surveying,SN1005,165,Futian,Baoan
2023-11-30,20:23:00,Yantian,33,23.20202504732592,Company T,FixedWing,P100,Logistics,SN1033,81,Longhua,Longgang
2023-12-06,10:16:00,Guangming,107,1.6355977494338316,Company A,MultiRotor,P100,Inspection,SN1032,148,Nanshan,Longgang
2023-04-21,14:56:00,Longgang,6,39.59801985216124,Company N,Helicopter,Mavic 3,Logistics,SN1004,454,Nanshan,Pingshan
2023-07-09,05:51:00,Yantian,43,8.821776698655052,Company S,Helicopter,P100,Logistics,SN1002,148,Luohu,Yantian
2023-05-05,07:03:00,Yantian,102,3.5453055565591365,Company F,FixedWing,Dragonfish,Personal,SN1022,487,Futian,Futian
2023-08-12,19:52:00,Guangming,33,32.56315368501673,Company P,MultiRotor,Dragonfish,Emergency,SN1025,452,Yantian,Longhua
2023-11-29,17:13:00,Nanshan,68,27.88971972014746,Company K,FixedWing,M300,Logistics,SN1038,449,Dapeng,Baoan
2023-02-05,06:36:00,Longgang,11,42.150757601246006,Company K,MultiRotor,Mavic 3,Logistics,SN1031,386,Pingshan,Longgang
2023-08-26,00:46:00,Longgang,108,45.98954794075737,Company P,Helicopter,Autel Alpha,Surveying,SN1017,286,Futian,Longhua
2023-01-25,18:53:00,Longgang,33,22.868787610406635,Company S,Helicopter,M300,Inspection,SN1041,74,Baoan,Longhua
2023-02-11,00:22:00,Pingshan,15,48.49812529368954,Company A,FixedWing,P100,Personal,SN1003,266,Guangming,Pingshan
2023-12-16,13:27:00,Longgang,52,31.24192516539567,Company P,FixedWing,Dragonfish,Logistics,SN1012,157,Dapeng,Pingshan
2023-01-24,13:00:00,Futian,107,9.72709036912255,Company C,Helicopter,M300,Personal,SN1036,399,Yantian,Futian
2023-03-04,21:18:00,Yantian,53,38.15893572897198,Company Q,FixedWing,Mavic 3,Inspection,SN1040,481,Dapeng,Yantian
2023-11-10,19:28:00,Dapeng,57,45.64706556000651,Company P,Helicopter,Autel Alpha,Surveying,SN1011,403,Dapeng,Pingshan
2023-04-11,08:18:00,Yantian,94,29.125907338124723,Company A,MultiRotor,Autel Alpha,Inspection,SN1008,416,Longhua,Yantian
2023-09-05,02:55:00,Luohu,57,9.409333790974992,Company J,Helicopter,P100,Personal,SN1015,67,Pingshan,Baoan
2023-11-19,23:31:00,Yantian,37,35.13715661510263,Company H,FixedWing,Mavic 3,Personal,SN1039,292,Baoan,Nanshan
2023-05-13,13:39:00,Yantian,40,45.82329281234583,Company I,Helicopter,Autel Alpha,Surveying,SN1022,447,Nanshan,Guangming
2023-01-23,20:02:00,Futian,23,9.17678951620567,Company B,FixedWing,Mavic 3,Emergency,SN1030,477,Luohu,Luohu
2023-06-18,13:33:00,Yantian,32,34.8777550702365,Company F,FixedWing,Mavic 3,Logistics,SN1048,413,Pingshan,Longgang
2023-04-04,00:26:00,Baoan,106,49.60932765319974,Company A,Helicopter,Mavic 3,Surveying,SN1036,105,Nanshan,Yantian
2023-12-22,20:20:00,Pingshan,93,37.212088715593964,Company I,MultiRotor,P100,Personal,SN1006,113,Luohu,Baoan
2023-10-24,06:41:00,Longhua,52,44.83944034384615,Company B,FixedWing,P100,Inspection,SN1007,406,Pingshan,Longgang
2023-02-24,15:03:00,Luohu,61,9.769683527798804,Company N,MultiRotor,Mavic 3,Personal,SN1030,190,Pingshan,Futian
2023-10-23,12:34:00,Guangming,61,28.393911620623403,Company R,Helicopter,P100,Emergency,SN1041,367,Dapeng,Futian
2023-06-07,08:18:00,Yantian,16,14.656800875796494,Company E,MultiRotor,Autel Alpha,Personal,SN1036,86,Futian,Pingshan
2023-04-16,08:31:00,Guangming,21,11.959567721586424,Company P,FixedWing,M300,Personal,SN1001,439,Baoan,Longgang
2023-09-28,00:08:00,Dapeng,50,45.75689335279712,Company L,MultiRotor,Dragonfish,Surveying,SN1028,483,Yantian,Longgang
2023-11-14,19:59:00,Dapeng,78,3.1725630942636434,Company B,MultiRotor,P100,Emergency,SN1024,114,Dapeng,Pingshan
2023-09-03,22:19:00,Baoan,60,14.489471672745212,Company P,MultiRotor,Autel Alpha,Surveying,SN1006,485,Longhua,Guangming
2023-04-10,09:59:00,Luohu,77,5.185878300195508,Company J,MultiRotor,Dragonfish,Surveying,SN1026,222,Pingshan,Baoan
2023-04-25,03:30:00,Yantian,89,42.51863326484284,Company I,Helicopter,Autel Alpha,Personal,SN1045,124,Yantian,Longgang
2023-12-12,00:52:00,Futian,107,20.183157076630796,Company D,Helicopter,Autel Alpha,Emergency,SN1042,481,Longgang,Longhua
2023-11-19,00:53:00,Yantian,26,8.448706206235963,Company P,MultiRotor,P100,Personal,SN1008,368,Longhua,Longhua
2023-03-04,12:39:00,Pingshan,80,31.30723572960932,Company T,Helicopter,Mavic 3,Emergency,SN1006,306,Yantian,Futian
2023-12-12,23:26:00,Nanshan,22,35.23267016858782,Company A,Helicopter,Autel Alpha,Emergency,SN1021,218,Longhua,Baoan
2023-06-22,17:54:00,Longhua,68,46.94386889327936,Company S,MultiRotor,Dragonfish,Personal,SN1022,193,Longgang,Longgang
2023-04-19,04:39:00,Guangming,110,15.720975614458519,Company C,MultiRotor,Autel Alpha,Emergency,SN1001,453,Yantian,Luohu
2023-07-07,08:21:00,Pingshan,59,20.692317633388985,Company S,FixedWing,Mavic 3,Inspection,SN1045,310,Luohu,Nanshan
2023-04-30,13:12:00,Baoan,47,20.384934136044173,Company C,MultiRotor,Autel Alpha,Emergency,SN1026,303,Pingshan,Dapeng
2023-09-17,05:53:00,Baoan,100,38.54902456385198,Company J,Helicopter,M300,Logistics,SN1043,201,Longhua,Pingshan
2023-04-06,16:06:00,Guangming,51,22.623624925958165,Company N,FixedWing,Dragonfish,Surveying,SN1019,429,Baoan,Guangming
2023-04-27,04:10:00,Pingshan,43,49.77466950573564,Company P,Helicopter,Dragonfish,Personal,SN1009,169,Dapeng,Dapeng
2023-02-05,12:07:00,Luohu,67,40.47025684842651,Company B,FixedWing,Autel Alpha,Logistics,SN1009,120,Longgang,Baoan
2023-05-17,21:38:00,Yantian,58,23.323882991300128,Company L,MultiRotor,Autel Alpha,Personal,SN1014,367,Longhua,Futian
2023-01-07,08:34:00,Longgang,29,14.137139983665072,Company I,MultiRotor,Dragonfish,Inspection,SN1049,104,Baoan,Futian
2023-11-09,03:56:00,Baoan,22,4.9999540348740235,Company F,Helicopter,Autel Alpha,Personal,SN1008,446,Futian,Dapeng
2023-06-08,10:59:00,Guangming,14,27.03676255566539,Company D,Helicopter,P100,Surveying,SN1021,345,Longgang,Nanshan
2023-01-05,22:41:00,Pingshan,56,29.987961498719258,Company K,FixedWing,M300,Personal,SN1031,410,Longhua,Futian
2023-04-14,12:03:00,Nanshan,53,34.764072758103914,Company F,FixedWing,Dragonfish,Logistics,SN1032,167,Pingshan,Baoan
2023-07-15,10:37:00,Nanshan,72,21.647816551547873,Company L,FixedWing,Dragonfish,Logistics,SN1022,350,Dapeng,Yantian
2023-11-14,04:20:00,Dapeng,26,20.247203717787464,Company C,MultiRotor,Mavic 3,Inspection,SN1016,421,Dapeng,Pingshan
2023-05-27,14:45:00,Longhua,33,45.32278052090028,Company J,MultiRotor,P100,Personal,SN1007,209,Luohu,Longgang
2023-07-15,23:46:00,Baoan,72,12.93060876306349,Company S,FixedWing,P100,Inspection,SN1032,292,Baoan,Yantian
2023-02-26,19:31:00,Nanshan,15,44.9419815442006,Company D,FixedWing,P100,Surveying,SN1032,239,Longgang,Pingshan
2023-02-02,09:18:00,Longhua,101,6.10922134471435,Company K,FixedWing,Mavic 3,Surveying,SN1037,295,Luohu,Nanshan
2023-02-19,04:24:00,Dapeng,77,23.655801119459195,Company T,FixedWing,Autel Alpha,Emergency,SN1009,368,Guangming,Longhua
2023-09-25,23:51:00,Luohu,76,9.619244509454944,Company D,FixedWing,M300,Personal,SN1033,259,Longhua,Pingshan
2023-05-31,21:53:00,Pingshan,66,16.574927519585607,Company R,FixedWing,Autel Alpha,Surveying,SN1036,379,Pingshan,Guangming
2023-11-25,23:24:00,Futian,87,42.1891847374727,Company S,FixedWing,Autel Alpha,Personal,SN1004,101,Guangming,Longhua
2023-08-25,06:34:00,Futian,16,27.18269339532764,Company S,FixedWing,Autel Alpha,Inspection,SN1026,389,Yantian,Nanshan
2023-11-01,03:20:00,Pingshan,83,17.043655360491954,Company G,FixedWing,Autel Alpha,Inspection,SN1017,386,Longhua,Pingshan
2023-04-02,14:43:00,Longgang,31,43.49577943131399,Company Q,FixedWing,P100,Surveying,SN1034,391,Nanshan,Pingshan
2023-06-29,04:15:00,Dapeng,70,38.74197529862025,Company C,MultiRotor,Mavic 3,Emergency,SN1045,436,Baoan,Futian
2023-05-14,17:23:00,Yantian,81,27.11363085338494,Company B,FixedWing,P100,Emergency,SN1024,126,Longgang,Guangming
2023-05-10,19:23:00,Futian,85,36.19643228451714,Company P,FixedWing,P100,Inspection,SN1008,85,Guangming,Guangming
2023-06-27,07:13:00,Futian,83,24.636372803275286,Company D,Helicopter,P100,Inspection,SN1028,484,Dapeng,Dapeng
2023-06-03,17:18:00,Dapeng,96,31.850861470766233,Company G,MultiRotor,Mavic 3,Surveying,SN1047,294,Pingshan,Longgang
2023-12-02,13:17:00,Baoan,108,1.7543731819514456,Company G,Helicopter,Autel Alpha,Personal,SN1048,367,Nanshan,Baoan
2023-08-19,15:53:00,Luohu,87,5.043227454853193,Company B,FixedWing,Mavic 3,Logistics,SN1018,290,Longgang,Yantian
2023-01-30,07:45:00,Futian,84,30.507865359685646,Company L,FixedWing,Mavic 3,Inspection,SN1048,340,Dapeng,Nanshan
2023-05-01,18:24:00,Luohu,65,23.471774287253005,Company E,MultiRotor,P100,Logistics,SN1035,347,Longgang,Futian
2023-05-15,16:47:00,Futian,63,15.074395483230676,Company O,FixedWing,P100,Inspection,SN1020,228,Guangming,Dapeng
2023-04-09,00:14:00,Longhua,24,30.957134384611777,Company A,MultiRotor,M300,Inspection,SN1017,171,Longhua,Yantian
2023-12-14,11:30:00,Luohu,42,30.470123236903206,Company Q,Helicopter,Autel Alpha,Personal,SN1047,409,Nanshan,Longgang
2023-08-06,22:34:00,Dapeng,43,45.38608735345749,Company M,Helicopter,Autel Alpha,Emergency,SN1049,379,Dapeng,Longhua
2023-02-21,19:44:00,Luohu,68,9.536195790501777,Company G,Helicopter,P100,Personal,SN1006,192,Longhua,Longgang
2023-03-11,08:06:00,Baoan,60,38.7845327821024,Company B,MultiRotor,Dragonfish,Surveying,SN1043,154,Pingshan,Longgang
2023-08-12,10:42:00,Yantian,55,2.793856896152729,Company G,Helicopter,Autel Alpha,Logistics,SN1021,348,Futian,Dapeng
2023-02-19,05:41:00,Longhua,29,14.209916353929144,Company L,Helicopter,Autel Alpha,Personal,SN1014,446,Baoan,Yantian
2023-01-08,02:21:00,Futian,109,15.520341730539895,Company I,FixedWing,P100,Emergency,SN1020,408,Dapeng,Guangming
2023-09-30,04:35:00,Luohu,118,14.774995253334023,Company D,Helicopter,Mavic 3,Emergency,SN1010,429,Longgang,Baoan
2023-06-09,07:43:00,Futian,69,24.695912856685133,Company E,Helicopter,Autel Alpha,Surveying,SN1003,107,Pingshan,Luohu
2023-05-09,09:31:00,Dapeng,96,24.398289909147653,Company O,MultiRotor,Mavic 3,Surveying,SN1024,371,Pingshan,Futian
2023-08-02,13:58:00,Baoan,92,19.057634675936814,Company S,MultiRotor,Dragonfish,Logistics,SN1020,478,Dapeng,Longgang
2023-08-25,05:42:00,Guangming,69,36.57317212206529,Company N,Helicopter,Dragonfish,Personal,SN1025,392,Nanshan,Yantian
2023-02-19,10:17:00,Dapeng,43,20.8346587319363,Company N,FixedWing,P100,Logistics,SN1007,493,Baoan,Yantian
2023-03-26,18:05:00,Baoan,30,17.30783059420128,Company K,MultiRotor,P100,Emergency,SN1047,280,Nanshan,Longgang
2023-06-09,11:41:00,Futian,52,24.971767857825135,Company S,MultiRotor,Autel Alpha,Surveying,SN1034,287,Yantian,Dapeng
2023-11-01,03:14:00,Pingshan,80,2.7678924882320413,Company S,FixedWing,P100,Surveying,SN1046,135,Luohu,Longgang
2023-11-16,06:26:00,Nanshan,89,37.44532187092449,Company K,MultiRotor,Autel Alpha,Emergency,SN1022,364,Pingshan,Yantian
2023-05-10,06:25:00,Futian,55,7.81215181305193,Company M,MultiRotor,Dragonfish,Inspection,SN1020,495,Nanshan,Nanshan
2023-06-29,09:39:00,Baoan,106,12.696114437004205,Company N,FixedWing,M300,Surveying,SN1016,242,Baoan,Pingshan
2023-03-25,05:06:00,Dapeng,105,26.15430132439744,Company R,Helicopter,M300,Logistics,SN1013,471,Yantian,Longgang
2023-03-30,09:47:00,Dapeng,79,8.822178402561024,Company E,Helicopter,Dragonfish,Emergency,SN1011,135,Yantian,Baoan
2023-08-01,10:12:00,Baoan,72,48.271269683850285,Company L,Helicopter,Mavic 3,Emergency,SN1018,317,Yantian,Longhua
2023-04-09,02:34:00,Pingshan,26,27.552072322674377,Company J,Helicopter,Autel Alpha,Logistics,SN1022,161,Baoan,Futian
2023-11-17,14:58:00,Longgang,45,11.294757078004109,Company O,MultiRotor,P100,Surveying,SN1035,195,Nanshan,Longhua
2023-01-14,11:48:00,Luohu,8,46.278268737221794,Company P,FixedWing,Dragonfish,Surveying,SN1002,153,Luohu,Guangming
2023-06-20,18:00:00,Longgang,56,39.87835708791376,Company T,Helicopter,Mavic 3,Logistics,SN1038,70,Guangming,Dapeng
2023-08-16,19:13:00,Longgang,119,15.400079169397834,Company E,MultiRotor,Mavic 3,Personal,SN1042,135,Guangming,Longhua
2023-01-04,19:23:00,Longgang,99,35.93167881417774,Company R,MultiRotor,Mavic 3,Inspection,SN1027,453,Guangming,Yantian
2023-12-01,20:53:00,Dapeng,69,19.619454116373785,Company L,FixedWing,Dragonfish,Surveying,SN1007,431,Nanshan,Pingshan
2023-10-31,01:59:00,Futian,43,42.18883253005297,Company F,MultiRotor,P100,Emergency,SN1022,215,Baoan,Yantian
2023-10-15,07:17:00,Nanshan,17,23.98945362957399,Company D,FixedWing,Mavic 3,Logistics,SN1024,427,Pingshan,Yantian
2023-12-05,11:27:00,Longgang,30,40.93312784813257,Company S,FixedWing,M300,Inspection,SN1046,117,Longgang,Longgang
2023-10-27,21:46:00,Futian,91,9.602417716334806,Company R,Helicopter,M300,Surveying,SN1010,413,Futian,Futian
2023-05-26,07:50:00,Nanshan,34,37.67849745381061,Company Q,Helicopter,Dragonfish,Inspection,SN1007,145,Dapeng,Yantian
2023-08-27,10:14:00,Futian,109,36.923899674339985,Company F,FixedWing,P100,Surveying,SN1045,79,Pingshan,Longhua
2023-04-06,23:18:00,Yantian,50,32.96848932101503,Company I,Helicopter,Dragonfish,Personal,SN1000,204,Futian,Longhua
2023-04-08,10:55:00,Guangming,18,9.628816897475991,Company J,Helicopter,Autel Alpha,Emergency,SN1039,149,Longhua,Guangming
2023-01-25,02:49:00,Longhua,12,43.477147259791224,Company S,FixedWing,P100,Surveying,SN1042,178,Guangming,Futian
2023-04-02,21:46:00,Yantian,97,27.115970865170596,Company O,MultiRotor,Mavic 3,Personal,SN1015,68,Luohu,Yantian
2023-11-19,00:11:00,Pingshan,97,10.779095845457913,Company B,MultiRotor,P100,Personal,SN1024,79,Nanshan,Dapeng
2023-08-17,00:40:00,Baoan,36,40.79326330816517,Company I,MultiRotor,Dragonfish,Emergency,SN1037,189,Futian,Futian
2023-08-15,07:25:00,Futian,99,37.64766616063299,Company E,Helicopter,P100,Surveying,SN1048,311,Longhua,Dapeng
2023-09-04,07:34:00,Yantian,19,11.017113054926888,Company Q,Helicopter,Mavic 3,Surveying,SN1037,266,Guangming,Nanshan
2023-02-25,08:52:00,Baoan,82,6.956647969519419,Company F,FixedWing,M300,Personal,SN1034,270,Pingshan,Yantian
2023-07-06,01:02:00,Longhua,36,25.619203767355874,Company Q,MultiRotor,P100,Inspection,SN1035,252,Longgang,Guangming
2023-01-20,11:38:00,Guangming,58,1.6850137742837523,Company F,MultiRotor,Dragonfish,Emergency,SN1006,264,Dapeng,Pingshan
2023-03-08,09:59:00,Nanshan,116,45.60123249832052,Company N,Helicopter,M300,Logistics,SN1042,247,Luohu,Pingshan
2023-04-01,05:04:00,Guangming,88,22.277333903960486,Company I,FixedWing,Autel Alpha,Surveying,SN1038,320,Pingshan,Yantian
2023-02-16,00:43:00,Longgang,74,7.426309527735386,Company R,FixedWing,M300,Inspection,SN1029,138,Nanshan,Longgang
2023-12-10,01:39:00,Dapeng,17,38.568869088346005,Company H,FixedWing,Dragonfish,Emergency,SN1023,213,Guangming,Longgang
2023-10-19,19:25:00,Dapeng,36,49.22492892661264,Company D,Helicopter,P100,Surveying,SN1031,350,Luohu,Yantian
2023-10-29,17:51:00,Baoan,54,7.3894472860626275,Company O,MultiRotor,Autel Alpha,Inspection,SN1037,385,Baoan,Yantian
2023-11-07,11:15:00,Yantian,72,3.6587823573092333,Company M,MultiRotor,Mavic 3,Logistics,SN1034,211,Longhua,Luohu
2023-07-19,00:52:00,Baoan,105,5.869361942814409,Company S,MultiRotor,Autel Alpha,Inspection,SN1017,249,Longhua,Baoan
2023-03-07,06:33:00,Nanshan,7,44.944204951316316,Company T,FixedWing,P100,Emergency,SN1037,450,Nanshan,Longgang
2023-05-02,04:54:00,Nanshan,71,43.41619658155565,Company H,FixedWing,M300,Emergency,SN1013,479,Longgang,Longhua
2023-04-04,20:34:00,Longhua,106,44.26674623837998,Company P,Helicopter,Autel Alpha,Logistics,SN1002,74,Futian,Longgang
2023-04-25,10:50:00,Futian,109,1.541005379704691,Company G,MultiRotor,Autel Alpha,Logistics,SN1041,160,Longhua,Dapeng
2023-08-25,03:57:00,Nanshan,107,17.507155624644,Company F,MultiRotor,P100,Personal,SN1036,452,Baoan,Nanshan
2023-02-02,22:24:00,Nanshan,34,25.7044253207781,Company T,MultiRotor,Dragonfish,Emergency,SN1043,236,Nanshan,Nanshan
2023-08-21,09:22:00,Pingshan,40,35.78001577045699,Company N,FixedWing,Dragonfish,Personal,SN1038,96,Yantian,Longhua
2023-09-05,01:02:00,Luohu,7,7.436243875385568,Company P,MultiRotor,M300,Personal,SN1048,282,Nanshan,Luohu
2023-04-18,18:19:00,Luohu,40,23.197517818169,Company B,Helicopter,P100,Inspection,SN1004,81,Dapeng,Nanshan
2023-08-24,03:26:00,Luohu,25,17.93016043502641,Company P,MultiRotor,Mavic 3,Personal,SN1040,113,Longgang,Nanshan
2023-07-18,23:01:00,Baoan,47,13.52026198075326,Company R,FixedWing,Mavic 3,Inspection,SN1012,299,Yantian,Nanshan
2023-07-13,10:07:00,Dapeng,115,40.731937651253205,Company N,MultiRotor,Autel Alpha,Surveying,SN1012,85,Futian,Nanshan
2023-04-18,22:13:00,Luohu,117,28.754099292657955,Company Q,Helicopter,Autel Alpha,Emergency,SN1000,117,Baoan,Baoan
2023-10-24,15:54:00,Futian,119,42.89109673661284,Company Q,Helicopter,Mavic 3,Emergency,SN1049,368,Guangming,Yantian
2023-01-02,08:41:00,Luohu,11,22.633487680288777,Company R,Helicopter,Dragonfish,Inspection,SN1005,96,Nanshan,Guangming
2023-05-09,23:54:00,Nanshan,16,13.808500654327597,Company T,FixedWing,Autel Alpha,Inspection,SN1034,247,Longgang,Longgang
2023-06-03,05:36:00,Guangming,87,2.7779430722012006,Company M,MultiRotor,Mavic 3,Inspection,SN1049,222,Luohu,Pingshan
2023-04-18,12:04:00,Baoan,20,36.619977236543015,Company R,MultiRotor,Mavic 3,Emergency,SN1005,123,Baoan,Guangming
2023-11-28,12:03:00,Futian,14,22.682203648738316,Company T,Helicopter,P100,Emergency,SN1045,191,Dapeng,Guangming
2023-03-19,13:48:00,Dapeng,99,29.858863617316654,Company C,MultiRotor,P100,Surveying,SN1024,375,Longgang,Futian
2023-08-18,15:36:00,Guangming,103,38.81333580313081,Company C,FixedWing,P100,Logistics,SN1028,426,Longhua,Longgang
2023-09-07,13:39:00,Futian,29,39.02352018284891,Company D,Helicopter,M300,Personal,SN1048,133,Longgang,Baoan
2023-12-05,13:21:00,Yantian,97,32.1938012609771,Company K,MultiRotor,Mavic 3,Inspection,SN1043,270,Longgang,Longhua
2023-01-31,02:39:00,Futian,45,8.490182662493416,Company J,MultiRotor,Autel Alpha,Surveying,SN1014,75,Luohu,Baoan
2023-05-05,20:27:00,Dapeng,24,2.3948063163105338,Company L,FixedWing,M300,Logistics,SN1039,152,Yantian,Longgang
2023-01-01,03:10:00,Baoan,20,49.40954565423807,Company C,Helicopter,M300,Personal,SN1016,371,Nanshan,Nanshan
2023-10-16,16:48:00,Longgang,117,37.55410450681175,Company J,Helicopter,M300,Personal,SN1034,431,Futian,Luohu
2023-08-07,22:29:00,Luohu,37,23.704214369579535,Company S,MultiRotor,Mavic 3,Emergency,SN1035,53,Longgang,Futian
2023-04-03,19:56:00,Nanshan,31,5.889961762043355,Company J,FixedWing,P100,Logistics,SN1030,134,Longgang,Yantian
2023-11-13,06:25:00,Pingshan,5,43.8779743117911,Company R,MultiRotor,Autel Alpha,Emergency,SN1038,266,Longhua,Pingshan
2023-09-22,16:35:00,Nanshan,95,45.907217325952324,Company R,MultiRotor,M300,Personal,SN1015,141,Longhua,Pingshan
2023-10-03,15:18:00,Baoan,19,41.04700821258196,Company Q,MultiRotor,Dragonfish,Logistics,SN1000,172,Luohu,Guangming
2023-09-19,07:37:00,Longhua,26,22.64959529215303,Company E,MultiRotor,Dragonfish,Logistics,SN1029,256,Longgang,Yantian
2023-12-12,05:40:00,Guangming,18,48.72630483542513,Company Q,Helicopter,Autel Alpha,Emergency,SN1024,86,Yantian,Dapeng
2023-09-15,05:43:00,Nanshan,20,7.573262052290134,Company C,Helicopter,Dragonfish,Surveying,SN1043,93,Pingshan,Nanshan
2023-12-30,20:45:00,Dapeng,107,38.315079479464224,Company I,Helicopter,Autel Alpha,Personal,SN1004,304,Guangming,Yantian
2023-06-12,22:20:00,Futian,48,6.036172038811481,Company A,MultiRotor,Mavic 3,Logistics,SN1047,371,Nanshan,Guangming
2023-08-06,05:47:00,Longhua,67,46.194590874091695,Company C,FixedWing,Autel Alpha,Surveying,SN1034,487,Longgang,Futian
2023-02-12,22:24:00,Guangming,10,13.677628712631535,Company O,Helicopter,Mavic 3,Surveying,SN1001,68,Dapeng,Luohu
2023-02-28,11:42:00,Luohu,35,42.3018569311071,Company I,MultiRotor,Dragonfish,Inspection,SN1047,164,Baoan,Baoan
2023-02-27,04:37:00,Nanshan,6,3.176700786982931,Company E,Helicopter,Autel Alpha,Inspection,SN1009,367,Pingshan,Longgang
2023-12-01,07:31:00,Guangming,64,36.0507205325108,Company I,Helicopter,P100,Surveying,SN1006,71,Luohu,Nanshan
2023-05-10,09:32:00,Nanshan,108,17.046658575297673,Company S,FixedWing,M300,Emergency,SN1016,493,Longhua,Longhua
2023-07-20,13:32:00,Nanshan,83,41.3714637375669,Company N,FixedWing,P100,Surveying,SN1011,300,Yantian,Luohu
2023-09-18,10:09:00,Longhua,22,31.81535297129398,Company A,MultiRotor,Dragonfish,Surveying,SN1043,304,Baoan,Yantian
2023-04-19,11:22:00,Yantian,86,5.035479824831919,Company S,FixedWing,Dragonfish,Inspection,SN1034,247,Nanshan,Baoan
2023-04-06,18:55:00,Longhua,34,1.7345864520331378,Company J,FixedWing,P100,Surveying,SN1042,145,Longhua,Dapeng
2023-02-06,02:07:00,Luohu,5,24.414787285949174,Company S,Helicopter,M300,Logistics,SN1028,456,Guangming,Futian
