date,time,region,duration,distance,entity_id,entity,user_type,aircraft_type,aircraft_model,purpose,sn,altitude,start_region,end_region,is_holiday,is_planned,is_effective
2023-05-30,07:39:00,Baoan,12,25.63,ENT0027,Company [,未知用户,FixedWing,E200,Logistics,SN1095,467,Nanshan,Nanshan,False,True,True
2023-08-10,06:53:00,Longgang,114,5.43,ENT0015,Company O,个人用户,Helicopter,V50,Personal,SN1039,217,Guangming,Guangming,False,True,True
2023-07-31,01:32:00,Futian,92,26.8,ENT0007,Company G,个人用户,FixedWing,Mavic 3,Personal,SN1085,794,Futian,Futian,False,True,True
2023-08-12,20:05:00,Luohu,76,43.11,ENT0005,Company E,企业用户,MultiRotor,Dragonfish,Emergency,SN1024,389,Luohu,Luohu,False,False,False
2023-09-04,00:43:00,Guangming,23,34.4,ENT0013,Company M,企业用户,Helicopter,Mavic 3,Personal,SN1058,310,Baoan,Luohu,False,True,True
2023-03-28,19:15:00,Yantian,74,16.52,ENT0010,Company J,个人用户,Helicopter,V50,Surveying,SN1072,144,Guangming,Guangming,False,True,True
2023-07-10,05:30:00,Longhua,28,49.76,ENT0016,Company P,企业用户,MultiRotor,Dragonfish,Emergency,SN1049,536,Futian,Dapeng,False,True,True
2023-09-20,23:34:00,Dapeng,71,7.75,ENT0006,Company F,企业用户,FixedWing,M300,Personal,SN1066,383,Yantian,Yantian,False,True,True
2023-08-05,00:08:00,Baoan,54,23.57,ENT0013,Company M,企业用户,MultiRotor,E200,Inspection,SN1072,276,Nanshan,Luohu,False,True,True
2023-10-29,11:32:00,Pingshan,114,32.05,ENT0016,Company P,企业用户,FixedWing,E200,Emergency,SN1047,339,Baoan,Baoan,False,True,True
2023-09-26,17:32:00,Nanshan,75,53.38,ENT0028,Company \,企业用户,FixedWing,P100,Inspection,SN1011,659,Nanshan,Nanshan,False,True,True
2023-03-31,06:23:00,Futian,72,22.18,ENT0013,Company M,企业用户,FixedWing,Dragonfish,Personal,SN1074,214,Pingshan,Longgang,False,True,True
2023-04-07,07:42:00,Longhua,88,37.56,ENT0016,Company P,个人用户,FixedWing,E200,Inspection,SN1074,676,Yantian,Longgang,False,True,True
2023-05-04,11:48:00,Longhua,9,34.32,ENT0027,Company [,企业用户,MultiRotor,E200,Logistics,SN1099,53,Dapeng,Dapeng,True,True,True
2023-05-09,18:39:00,Dapeng,110,45.44,ENT0003,Company C,企业用户,Helicopter,Dragonfish,Emergency,SN1079,226,Dapeng,Dapeng,False,True,True
2023-01-18,19:22:00,Nanshan,66,16.21,ENT0006,Company F,企业用户,MultiRotor,Dragonfish,Surveying,SN1043,177,Yantian,Yantian,True,True,True
2023-11-13,07:43:00,Yantian,119,43.93,ENT0015,Company O,未知用户,FixedWing,M300,Inspection,SN1029,167,Longhua,Longhua,False,True,True
2023-03-22,08:08:00,Luohu,17,15.82,ENT0011,Company K,个人用户,FixedWing,E200,Emergency,SN1007,624,Futian,Baoan,False,True,True
2023-03-23,14:06:00,Luohu,36,41.49,ENT0009,Company I,企业用户,MultiRotor,Mavic 3,Personal,SN1069,158,Luohu,Luohu,True,True,True
2023-11-24,09:51:00,Dapeng,52,37.08,ENT0027,Company [,企业用户,FixedWing,Autel Alpha,Emergency,SN1099,738,Dapeng,Dapeng,False,True,True
2023-08-22,11:20:00,Nanshan,79,59.37,ENT0006,Company F,企业用户,Helicopter,Mavic 3,Emergency,SN1004,481,Baoan,Pingshan,False,True,True
2023-11-22,08:35:00,Nanshan,68,17.05,ENT0008,Company H,企业用户,Helicopter,M300,Surveying,SN1003,492,Luohu,Luohu,False,True,True
2023-02-26,18:07:00,Yantian,101,29.35,ENT0004,Company D,企业用户,Helicopter,Autel Alpha,Logistics,SN1015,488,Dapeng,Luohu,False,True,True
2023-07-30,00:29:00,Yantian,51,57.4,ENT0023,Company W,个人用户,FixedWing,Dragonfish,Surveying,SN1005,756,Pingshan,Nanshan,False,True,True
2023-08-01,00:52:00,Longgang,5,28.0,ENT0002,Company B,个人用户,FixedWing,P100,Surveying,SN1034,708,Guangming,Longhua,False,True,True
2023-11-22,17:28:00,Luohu,51,50.54,ENT0010,Company J,企业用户,FixedWing,M300,Inspection,SN1062,420,Longgang,Longgang,False,True,True
2023-05-21,02:22:00,Guangming,95,37.21,ENT0021,Company U,企业用户,MultiRotor,E200,Personal,SN1088,111,Longgang,Longgang,False,True,True
2023-12-11,04:08:00,Dapeng,105,25.57,ENT0018,Company R,企业用户,Helicopter,P100,Surveying,SN1059,516,Pingshan,Pingshan,False,True,True
2023-12-19,22:49:00,Dapeng,26,51.28,ENT0009,Company I,企业用户,MultiRotor,M300,Emergency,SN1001,660,Longhua,Longhua,False,True,False
2023-02-20,13:21:00,Yantian,19,31.25,ENT0008,Company H,企业用户,FixedWing,E200,Surveying,SN1029,218,Baoan,Baoan,False,True,True
2023-09-13,20:32:00,Yantian,13,25.07,ENT0013,Company M,企业用户,MultiRotor,P100,Inspection,SN1098,346,Dapeng,Dapeng,False,True,True
2023-06-26,20:01:00,Guangming,10,34.59,ENT0015,Company O,个人用户,MultiRotor,P100,Emergency,SN1066,160,Luohu,Luohu,False,True,True
2023-09-21,17:46:00,Luohu,32,11.95,ENT0020,Company T,个人用户,MultiRotor,M300,Personal,SN1042,553,Dapeng,Longgang,False,True,True
2023-06-21,22:29:00,Pingshan,96,15.15,ENT0012,Company L,企业用户,Helicopter,Dragonfish,Personal,SN1022,488,Nanshan,Nanshan,False,True,True
2023-04-05,11:01:00,Dapeng,33,27.97,ENT0027,Company [,个人用户,Helicopter,Dragonfish,Emergency,SN1090,320,Baoan,Baoan,False,True,True
2023-09-25,14:07:00,Nanshan,28,49.97,ENT0027,Company [,企业用户,FixedWing,Autel Alpha,Inspection,SN1049,190,Nanshan,Nanshan,False,True,True
2023-07-29,05:27:00,Dapeng,91,1.03,ENT0003,Company C,个人用户,Helicopter,M300,Inspection,SN1058,147,Pingshan,Pingshan,False,True,True
2023-06-22,00:30:00,Nanshan,52,13.28,ENT0005,Company E,企业用户,FixedWing,P100,Inspection,SN1020,435,Longhua,Longhua,False,True,True
2023-05-24,03:39:00,Luohu,16,37.73,ENT0021,Company U,企业用户,Helicopter,Dragonfish,Emergency,SN1031,52,Dapeng,Guangming,False,True,True
2023-10-06,19:03:00,Longhua,15,4.89,ENT0021,Company U,企业用户,FixedWing,P100,Logistics,SN1056,767,Guangming,Yantian,False,True,True
2023-10-23,07:20:00,Nanshan,78,43.76,ENT0002,Company B,企业用户,MultiRotor,P100,Inspection,SN1000,160,Longgang,Longgang,False,True,True
2023-10-02,06:46:00,Longgang,57,18.38,ENT0007,Company G,未知用户,Helicopter,Autel Alpha,Logistics,SN1079,168,Futian,Nanshan,False,True,True
2023-10-27,22:13:00,Longhua,47,42.2,ENT0017,Company Q,个人用户,MultiRotor,P100,Emergency,SN1088,58,Guangming,Yantian,False,True,True
2023-05-22,05:48:00,Longgang,29,43.6,ENT0027,Company [,企业用户,FixedWing,M300,Emergency,SN1059,220,Futian,Futian,False,True,True
2023-09-03,19:15:00,Yantian,92,18.46,ENT0005,Company E,企业用户,FixedWing,P100,Inspection,SN1026,701,Longhua,Yantian,False,True,True
2023-08-14,00:40:00,Guangming,75,29.07,ENT0017,Company Q,企业用户,MultiRotor,E200,Surveying,SN1029,395,Nanshan,Nanshan,False,True,True
2023-03-19,14:27:00,Nanshan,62,42.37,ENT0006,Company F,个人用户,Helicopter,P100,Inspection,SN1000,265,Longhua,Yantian,False,True,True
2023-01-19,21:23:00,Dapeng,60,41.47,ENT0018,Company R,企业用户,FixedWing,P100,Logistics,SN1015,349,Longhua,Longhua,False,True,True
2023-08-29,06:17:00,Nanshan,41,12.29,ENT0030,Company ^,企业用户,FixedWing,V50,Logistics,SN1033,462,Longgang,Longhua,False,True,True
2023-07-15,20:53:00,Dapeng,81,43.68,ENT0026,Company Z,企业用户,MultiRotor,M300,Logistics,SN1056,729,Guangming,Guangming,False,True,True
2023-10-29,04:57:00,Pingshan,67,15.91,ENT0021,Company U,个人用户,MultiRotor,Autel Alpha,Logistics,SN1053,524,Baoan,Baoan,False,True,True
2023-04-06,22:53:00,Dapeng,73,11.63,ENT0021,Company U,个人用户,Helicopter,E200,Surveying,SN1038,571,Yantian,Futian,False,True,True
2023-04-25,03:33:00,Dapeng,86,15.13,ENT0007,Company G,个人用户,Helicopter,Mavic 3,Emergency,SN1006,749,Yantian,Futian,False,True,False
2023-11-12,02:27:00,Longgang,40,27.52,ENT0028,Company \,企业用户,FixedWing,Autel Alpha,Inspection,SN1049,117,Longhua,Baoan,False,True,True
2023-09-11,13:51:00,Dapeng,40,40.25,ENT0019,Company S,企业用户,Helicopter,Mavic 3,Surveying,SN1065,179,Guangming,Guangming,False,True,True
2023-09-22,14:13:00,Pingshan,6,3.73,ENT0016,Company P,企业用户,Helicopter,E200,Surveying,SN1075,196,Pingshan,Pingshan,False,True,True
2023-04-07,09:51:00,Luohu,67,44.98,ENT0017,Company Q,未知用户,MultiRotor,Mavic 3,Logistics,SN1005,306,Futian,Futian,False,True,True
2023-05-30,11:01:00,Nanshan,81,34.35,ENT0003,Company C,企业用户,MultiRotor,P100,Inspection,SN1099,59,Baoan,Baoan,False,True,True
2023-01-07,13:25:00,Longhua,46,34.36,ENT0021,Company U,企业用户,MultiRotor,P100,Emergency,SN1064,750,Longgang,Longgang,True,True,True
2023-12-19,22:05:00,Futian,102,6.57,ENT0029,Company ],未知用户,MultiRotor,P100,Inspection,SN1053,311,Nanshan,Nanshan,False,True,True
2023-09-07,12:14:00,Longhua,73,11.47,ENT0019,Company S,企业用户,Helicopter,Autel Alpha,Personal,SN1037,232,Longgang,Luohu,False,True,True
2023-07-06,22:25:00,Baoan,107,32.03,ENT0017,Company Q,企业用户,FixedWing,Mavic 3,Surveying,SN1065,109,Guangming,Guangming,False,True,True
2023-09-02,16:18:00,Nanshan,77,17.51,ENT0024,Company X,个人用户,MultiRotor,Mavic 3,Logistics,SN1003,503,Nanshan,Nanshan,False,True,True
2023-09-12,08:19:00,Yantian,55,2.75,ENT0026,Company Z,企业用户,FixedWing,V50,Personal,SN1089,282,Guangming,Pingshan,True,True,True
2023-05-19,06:06:00,Longhua,101,41.14,ENT0026,Company Z,企业用户,MultiRotor,Mavic 3,Inspection,SN1035,328,Baoan,Baoan,False,True,True
2023-08-15,17:15:00,Futian,31,16.46,ENT0002,Company B,企业用户,MultiRotor,Dragonfish,Inspection,SN1091,356,Longgang,Longgang,False,True,True
2023-01-28,23:22:00,Luohu,30,3.27,ENT0009,Company I,企业用户,MultiRotor,Autel Alpha,Surveying,SN1058,325,Nanshan,Nanshan,True,True,True
2023-12-13,04:39:00,Pingshan,29,20.33,ENT0021,Company U,个人用户,Helicopter,M300,Surveying,SN1096,630,Nanshan,Nanshan,False,True,True
2023-05-25,20:09:00,Dapeng,66,6.83,ENT0015,Company O,企业用户,MultiRotor,E200,Personal,SN1074,598,Nanshan,Longgang,False,True,True
2023-09-14,16:03:00,Nanshan,73,16.74,ENT0001,Company A,企业用户,Helicopter,M300,Personal,SN1049,454,Luohu,Longhua,False,True,True
2023-11-08,18:16:00,Nanshan,96,12.29,ENT0002,Company B,企业用户,FixedWing,V50,Logistics,SN1022,59,Longhua,Longhua,True,True,True
2023-08-07,01:03:00,Longgang,22,59.32,ENT0005,Company E,企业用户,FixedWing,P100,Emergency,SN1059,608,Pingshan,Guangming,False,True,True
2023-09-02,09:32:00,Nanshan,6,31.65,ENT0030,Company ^,企业用户,FixedWing,Mavic 3,Inspection,SN1036,578,Nanshan,Nanshan,False,True,True
2023-06-06,12:01:00,Futian,92,29.03,ENT0001,Company A,个人用户,FixedWing,Autel Alpha,Surveying,SN1060,422,Dapeng,Luohu,False,True,True
2023-09-20,10:58:00,Longhua,94,43.92,ENT0022,Company V,企业用户,MultiRotor,Autel Alpha,Emergency,SN1086,676,Baoan,Baoan,True,True,True
2023-01-30,06:34:00,Guangming,12,45.7,ENT0006,Company F,个人用户,Helicopter,E200,Logistics,SN1096,504,Longhua,Longhua,False,True,False
2023-11-27,15:17:00,Luohu,24,34.8,ENT0019,Company S,企业用户,MultiRotor,Mavic 3,Surveying,SN1051,483,Dapeng,Dapeng,False,True,True
2023-05-06,10:34:00,Dapeng,16,1.37,ENT0006,Company F,企业用户,MultiRotor,P100,Emergency,SN1094,445,Pingshan,Pingshan,False,True,True
2023-02-23,19:14:00,Guangming,70,13.59,ENT0026,Company Z,个人用户,Helicopter,Dragonfish,Logistics,SN1075,670,Futian,Longgang,False,True,True
2023-03-09,09:24:00,Yantian,17,17.79,ENT0013,Company M,企业用户,Helicopter,V50,Surveying,SN1024,696,Longgang,Longgang,False,True,True
2023-12-13,04:14:00,Futian,30,39.46,ENT0002,Company B,未知用户,MultiRotor,Autel Alpha,Logistics,SN1040,386,Longhua,Yantian,False,True,True
2023-01-09,09:58:00,Longgang,92,6.82,ENT0007,Company G,企业用户,Helicopter,P100,Surveying,SN1015,331,Guangming,Guangming,True,True,True
2023-09-07,07:27:00,Pingshan,22,10.91,ENT0005,Company E,企业用户,MultiRotor,P100,Surveying,SN1055,445,Longgang,Longgang,False,True,True
2023-03-21,19:47:00,Guangming,80,33.53,ENT0008,Company H,企业用户,Helicopter,Dragonfish,Inspection,SN1044,210,Guangming,Guangming,False,True,True
2023-09-15,18:14:00,Luohu,5,1.77,ENT0020,Company T,个人用户,FixedWing,V50,Personal,SN1020,799,Baoan,Baoan,False,True,True
2023-01-29,13:20:00,Longhua,15,58.56,ENT0022,Company V,企业用户,FixedWing,Autel Alpha,Personal,SN1000,226,Longhua,Longhua,False,True,True
2023-08-30,19:03:00,Luohu,99,30.93,ENT0029,Company ],未知用户,MultiRotor,P100,Logistics,SN1077,421,Pingshan,Pingshan,False,True,True
2023-07-03,03:48:00,Luohu,71,52.51,ENT0006,Company F,企业用户,FixedWing,Dragonfish,Emergency,SN1024,781,Nanshan,Nanshan,False,True,True
2023-09-29,05:58:00,Yantian,93,20.99,ENT0014,Company N,未知用户,FixedWing,Dragonfish,Emergency,SN1064,258,Pingshan,Pingshan,False,True,True
2023-05-15,23:11:00,Baoan,106,54.77,ENT0023,Company W,个人用户,MultiRotor,Dragonfish,Personal,SN1030,390,Pingshan,Pingshan,False,True,True
2023-07-08,11:22:00,Luohu,117,56.59,ENT0019,Company S,企业用户,FixedWing,V50,Emergency,SN1066,119,Futian,Futian,False,True,True
2023-08-15,18:25:00,Baoan,47,50.73,ENT0023,Company W,企业用户,Helicopter,Autel Alpha,Emergency,SN1025,603,Longhua,Guangming,False,True,True
2023-03-29,14:37:00,Yantian,58,40.65,ENT0013,Company M,个人用户,MultiRotor,V50,Logistics,SN1056,573,Baoan,Luohu,False,True,True
2023-03-17,13:45:00,Longhua,20,13.42,ENT0019,Company S,企业用户,Helicopter,Autel Alpha,Inspection,SN1068,236,Futian,Futian,False,True,True
2023-12-01,06:12:00,Nanshan,79,33.74,ENT0027,Company [,企业用户,FixedWing,M300,Inspection,SN1045,452,Nanshan,Luohu,False,True,True
2023-08-24,14:07:00,Longhua,41,50.95,ENT0020,Company T,企业用户,FixedWing,Autel Alpha,Logistics,SN1065,474,Guangming,Guangming,False,True,True
2023-10-09,05:13:00,Baoan,39,42.86,ENT0019,Company S,企业用户,MultiRotor,Mavic 3,Personal,SN1017,423,Yantian,Dapeng,False,True,True
2023-09-09,21:42:00,Longhua,63,37.93,ENT0030,Company ^,未知用户,FixedWing,Dragonfish,Inspection,SN1080,339,Dapeng,Dapeng,False,True,True
2023-01-23,19:04:00,Longgang,82,16.1,ENT0012,Company L,个人用户,MultiRotor,Mavic 3,Personal,SN1076,403,Futian,Futian,False,True,True
2023-09-26,06:23:00,Dapeng,94,6.28,ENT0007,Company G,企业用户,FixedWing,Dragonfish,Inspection,SN1008,784,Yantian,Yantian,False,True,True
2023-08-15,13:39:00,Nanshan,87,41.49,ENT0007,Company G,未知用户,Helicopter,Autel Alpha,Personal,SN1049,780,Dapeng,Dapeng,False,True,True
2023-03-09,07:08:00,Pingshan,63,54.02,ENT0006,Company F,个人用户,FixedWing,E200,Inspection,SN1045,776,Longgang,Longgang,False,True,True
2023-11-29,15:02:00,Guangming,66,18.4,ENT0019,Company S,企业用户,FixedWing,Mavic 3,Emergency,SN1040,53,Yantian,Yantian,True,True,True
2023-01-23,19:40:00,Luohu,113,59.83,ENT0012,Company L,企业用户,FixedWing,M300,Emergency,SN1028,360,Futian,Futian,False,True,False
2023-04-11,14:49:00,Yantian,92,55.89,ENT0026,Company Z,企业用户,MultiRotor,Autel Alpha,Logistics,SN1054,413,Baoan,Guangming,False,True,True
2023-01-09,02:54:00,Longhua,104,42.58,ENT0008,Company H,企业用户,MultiRotor,Dragonfish,Logistics,SN1002,512,Pingshan,Pingshan,False,True,True
2023-07-05,14:09:00,Longhua,44,30.22,ENT0002,Company B,企业用户,Helicopter,E200,Emergency,SN1033,283,Longgang,Longgang,True,True,True
2023-08-20,10:47:00,Yantian,84,17.5,ENT0005,Company E,企业用户,Helicopter,M300,Surveying,SN1012,127,Futian,Nanshan,False,True,True
2023-02-03,04:42:00,Longhua,103,8.04,ENT0021,Company U,企业用户,FixedWing,V50,Surveying,SN1096,653,Pingshan,Nanshan,False,True,False
2023-08-27,04:48:00,Dapeng,29,51.82,ENT0006,Company F,企业用户,Helicopter,P100,Inspection,SN1095,314,Longgang,Longgang,False,True,True
2023-08-03,20:06:00,Dapeng,58,54.5,ENT0015,Company O,企业用户,MultiRotor,M300,Inspection,SN1048,290,Baoan,Baoan,False,True,True
2023-02-28,14:54:00,Longhua,39,2.18,ENT0028,Company \,企业用户,MultiRotor,E200,Inspection,SN1055,468,Longgang,Longgang,False,True,True
2023-03-19,16:25:00,Nanshan,118,56.35,ENT0030,Company ^,未知用户,Helicopter,Autel Alpha,Emergency,SN1082,192,Longhua,Longhua,False,True,True
2023-07-19,20:53:00,Longhua,114,48.68,ENT0024,Company X,企业用户,Helicopter,M300,Personal,SN1014,775,Luohu,Guangming,True,True,True
2023-02-16,16:56:00,Guangming,44,7.56,ENT0019,Company S,企业用户,MultiRotor,Mavic 3,Emergency,SN1068,601,Longgang,Longgang,False,True,True
2023-02-13,18:45:00,Luohu,68,30.96,ENT0025,Company Y,企业用户,Helicopter,Autel Alpha,Logistics,SN1008,676,Pingshan,Pingshan,False,True,True
2023-11-17,16:46:00,Baoan,58,38.13,ENT0016,Company P,企业用户,MultiRotor,E200,Personal,SN1015,583,Guangming,Nanshan,False,True,True
2023-07-20,05:45:00,Luohu,85,38.04,ENT0009,Company I,个人用户,MultiRotor,P100,Personal,SN1025,341,Pingshan,Futian,False,True,True
2023-12-28,17:34:00,Nanshan,19,29.43,ENT0030,Company ^,企业用户,FixedWing,Autel Alpha,Inspection,SN1021,564,Longhua,Longhua,False,True,True
2023-09-17,16:57:00,Luohu,99,27.56,ENT0010,Company J,企业用户,MultiRotor,M300,Surveying,SN1060,194,Baoan,Longhua,True,True,True
2023-10-21,13:12:00,Yantian,33,51.35,ENT0014,Company N,企业用户,MultiRotor,Autel Alpha,Surveying,SN1039,366,Yantian,Yantian,False,True,True
2023-09-04,04:14:00,Guangming,22,33.82,ENT0006,Company F,企业用户,FixedWing,Dragonfish,Surveying,SN1099,665,Baoan,Baoan,False,True,True
2023-10-13,18:23:00,Longgang,47,7.35,ENT0014,Company N,未知用户,MultiRotor,Mavic 3,Inspection,SN1043,67,Dapeng,Nanshan,False,True,True
2023-10-27,05:24:00,Guangming,92,35.96,ENT0012,Company L,个人用户,FixedWing,Autel Alpha,Surveying,SN1098,200,Baoan,Baoan,False,True,True
2023-09-29,18:52:00,Longgang,15,19.86,ENT0025,Company Y,企业用户,FixedWing,Mavic 3,Logistics,SN1016,538,Yantian,Yantian,False,True,True
2023-10-29,11:21:00,Nanshan,41,54.47,ENT0025,Company Y,企业用户,Helicopter,P100,Logistics,SN1018,732,Guangming,Guangming,False,True,True
2023-06-23,07:35:00,Nanshan,104,57.21,ENT0026,Company Z,未知用户,Helicopter,P100,Emergency,SN1032,593,Nanshan,Baoan,False,True,True
2023-11-21,08:04:00,Longhua,94,2.03,ENT0021,Company U,企业用户,MultiRotor,Autel Alpha,Personal,SN1044,784,Longhua,Longhua,False,True,True
2023-04-08,08:18:00,Baoan,27,9.56,ENT0017,Company Q,企业用户,Helicopter,Mavic 3,Personal,SN1061,567,Baoan,Baoan,True,True,True
2023-03-27,02:23:00,Pingshan,22,16.26,ENT0015,Company O,企业用户,FixedWing,E200,Emergency,SN1044,103,Luohu,Luohu,False,True,True
2023-04-26,19:32:00,Nanshan,80,55.39,ENT0014,Company N,企业用户,MultiRotor,P100,Surveying,SN1019,101,Longgang,Longgang,False,True,True
2023-10-28,21:43:00,Longhua,88,20.92,ENT0016,Company P,企业用户,FixedWing,Mavic 3,Emergency,SN1018,713,Longhua,Guangming,False,True,True
2023-06-14,00:00:00,Guangming,15,13.88,ENT0028,Company \,企业用户,FixedWing,E200,Emergency,SN1006,123,Dapeng,Dapeng,False,True,True
2023-01-16,15:25:00,Pingshan,37,2.21,ENT0005,Company E,企业用户,MultiRotor,E200,Surveying,SN1067,556,Futian,Futian,False,False,False
2023-09-26,19:08:00,Pingshan,100,55.78,ENT0004,Company D,企业用户,FixedWing,Mavic 3,Logistics,SN1082,786,Baoan,Baoan,True,True,True
2023-09-25,19:58:00,Nanshan,96,58.58,ENT0014,Company N,个人用户,FixedWing,V50,Emergency,SN1047,660,Futian,Futian,False,True,True
2023-05-09,22:09:00,Longgang,39,3.68,ENT0015,Company O,企业用户,FixedWing,V50,Personal,SN1094,461,Futian,Futian,False,True,True
2023-10-26,01:14:00,Nanshan,93,14.31,ENT0012,Company L,未知用户,MultiRotor,Autel Alpha,Inspection,SN1064,238,Longgang,Longgang,False,True,True
2023-09-21,12:15:00,Guangming,5,39.27,ENT0022,Company V,企业用户,MultiRotor,M300,Surveying,SN1038,457,Futian,Yantian,False,True,True
2023-03-23,18:26:00,Luohu,96,2.69,ENT0030,Company ^,企业用户,Helicopter,Dragonfish,Emergency,SN1008,439,Futian,Futian,False,True,True
2023-03-01,16:53:00,Luohu,20,21.43,ENT0012,Company L,个人用户,Helicopter,E200,Surveying,SN1057,245,Nanshan,Nanshan,False,True,True
2023-07-22,13:32:00,Longgang,47,16.79,ENT0019,Company S,企业用户,FixedWing,V50,Logistics,SN1091,362,Baoan,Baoan,False,True,True
2023-11-22,04:23:00,Guangming,64,47.43,ENT0029,Company ],企业用户,Helicopter,Autel Alpha,Emergency,SN1047,539,Dapeng,Dapeng,False,True,True
2023-05-22,06:34:00,Yantian,117,48.68,ENT0018,Company R,企业用户,MultiRotor,Autel Alpha,Personal,SN1052,78,Futian,Yantian,False,True,True
2023-11-01,11:56:00,Nanshan,29,55.69,ENT0009,Company I,企业用户,FixedWing,Autel Alpha,Personal,SN1026,209,Luohu,Luohu,False,True,True
2023-03-09,22:19:00,Baoan,37,18.24,ENT0013,Company M,企业用户,FixedWing,P100,Personal,SN1065,359,Nanshan,Nanshan,False,True,False
2023-10-06,14:21:00,Longhua,40,45.55,ENT0020,Company T,企业用户,MultiRotor,Dragonfish,Inspection,SN1033,565,Dapeng,Luohu,False,True,True
2023-06-10,02:27:00,Pingshan,41,34.92,ENT0024,Company X,企业用户,FixedWing,Autel Alpha,Surveying,SN1063,148,Longhua,Longhua,False,True,True
2023-11-01,14:35:00,Nanshan,8,16.61,ENT0008,Company H,企业用户,Helicopter,Autel Alpha,Surveying,SN1090,248,Guangming,Guangming,False,False,False
2023-11-05,13:39:00,Baoan,52,36.44,ENT0003,Company C,未知用户,Helicopter,Mavic 3,Personal,SN1056,225,Pingshan,Pingshan,False,True,True
2023-05-28,19:05:00,Dapeng,5,1.88,ENT0019,Company S,企业用户,Helicopter,Dragonfish,Logistics,SN1036,141,Nanshan,Nanshan,False,True,True
2023-02-15,00:48:00,Futian,79,50.98,ENT0029,Company ],企业用户,FixedWing,V50,Personal,SN1058,691,Longgang,Longgang,False,True,True
2023-04-02,05:01:00,Futian,94,1.37,ENT0015,Company O,个人用户,FixedWing,Mavic 3,Inspection,SN1092,211,Baoan,Baoan,True,True,True
2023-09-21,00:39:00,Longhua,80,25.7,ENT0001,Company A,企业用户,Helicopter,E200,Emergency,SN1040,584,Futian,Futian,False,False,False
2023-08-13,17:18:00,Baoan,100,13.59,ENT0010,Company J,企业用户,FixedWing,V50,Inspection,SN1074,755,Baoan,Baoan,False,True,True
2023-07-15,02:21:00,Luohu,95,36.28,ENT0017,Company Q,个人用户,Helicopter,Autel Alpha,Inspection,SN1049,477,Dapeng,Dapeng,False,True,False
2023-04-28,17:30:00,Dapeng,35,39.27,ENT0011,Company K,企业用户,FixedWing,Mavic 3,Logistics,SN1068,714,Futian,Nanshan,True,True,True
2023-12-18,20:17:00,Guangming,43,52.22,ENT0009,Company I,企业用户,FixedWing,Mavic 3,Surveying,SN1034,217,Guangming,Luohu,False,True,False
2023-03-18,00:39:00,Luohu,37,19.97,ENT0007,Company G,个人用户,Helicopter,M300,Logistics,SN1075,91,Yantian,Yantian,False,True,True
2023-11-04,06:29:00,Guangming,49,15.89,ENT0002,Company B,企业用户,FixedWing,P100,Inspection,SN1055,188,Dapeng,Dapeng,False,True,True
2023-04-06,21:11:00,Yantian,81,41.36,ENT0005,Company E,个人用户,FixedWing,V50,Emergency,SN1072,194,Luohu,Guangming,False,True,True
2023-04-14,10:19:00,Longhua,30,50.45,ENT0021,Company U,企业用户,Helicopter,Dragonfish,Inspection,SN1050,386,Yantian,Pingshan,True,True,False
2023-08-24,17:21:00,Futian,36,5.0,ENT0022,Company V,企业用户,Helicopter,Autel Alpha,Surveying,SN1010,590,Guangming,Guangming,False,True,True
2023-04-24,21:18:00,Yantian,23,38.7,ENT0015,Company O,企业用户,Helicopter,E200,Emergency,SN1061,501,Dapeng,Guangming,False,True,True
2023-05-28,17:38:00,Longgang,22,28.12,ENT0023,Company W,企业用户,FixedWing,Autel Alpha,Surveying,SN1086,558,Longgang,Longgang,False,True,True
2023-01-06,01:28:00,Dapeng,86,43.72,ENT0023,Company W,企业用户,Helicopter,P100,Personal,SN1037,494,Yantian,Yantian,True,True,True
2023-12-02,20:58:00,Yantian,71,21.89,ENT0003,Company C,企业用户,MultiRotor,P100,Surveying,SN1065,105,Yantian,Longgang,False,True,True
2023-04-29,19:34:00,Longgang,53,29.41,ENT0023,Company W,企业用户,Helicopter,E200,Logistics,SN1021,285,Futian,Luohu,False,True,True
2023-10-11,02:29:00,Dapeng,57,13.25,ENT0019,Company S,个人用户,FixedWing,P100,Emergency,SN1039,538,Guangming,Guangming,False,True,True
2023-04-30,13:12:00,Longgang,28,46.11,ENT0007,Company G,企业用户,MultiRotor,M300,Surveying,SN1029,629,Yantian,Yantian,False,True,True
2023-06-26,18:24:00,Dapeng,35,42.15,ENT0011,Company K,企业用户,Helicopter,P100,Personal,SN1024,491,Yantian,Longhua,False,True,True
2023-09-12,01:11:00,Guangming,57,30.51,ENT0015,Company O,个人用户,MultiRotor,P100,Inspection,SN1099,350,Dapeng,Dapeng,True,True,True
2023-08-24,14:58:00,Longhua,80,14.19,ENT0021,Company U,企业用户,MultiRotor,V50,Inspection,SN1072,427,Futian,Yantian,False,True,True
2023-04-22,07:04:00,Nanshan,35,31.46,ENT0017,Company Q,个人用户,FixedWing,V50,Emergency,SN1012,344,Baoan,Baoan,False,True,True
2023-04-04,11:51:00,Yantian,14,37.24,ENT0026,Company Z,企业用户,Helicopter,Autel Alpha,Emergency,SN1030,261,Dapeng,Pingshan,False,True,True
2023-06-18,04:41:00,Pingshan,26,19.65,ENT0021,Company U,企业用户,MultiRotor,Autel Alpha,Surveying,SN1076,328,Pingshan,Pingshan,False,True,True
2023-05-03,11:30:00,Pingshan,11,20.35,ENT0025,Company Y,企业用户,MultiRotor,Autel Alpha,Surveying,SN1027,304,Baoan,Baoan,False,True,True
2023-09-19,10:42:00,Luohu,117,24.36,ENT0015,Company O,未知用户,Helicopter,Mavic 3,Inspection,SN1024,780,Baoan,Baoan,False,True,True
2023-07-18,06:22:00,Guangming,115,21.33,ENT0014,Company N,企业用户,MultiRotor,V50,Inspection,SN1065,95,Pingshan,Pingshan,True,True,True
2023-04-27,13:01:00,Futian,8,38.63,ENT0027,Company [,未知用户,Helicopter,M300,Surveying,SN1053,603,Yantian,Yantian,False,True,True
2023-12-25,18:54:00,Yantian,29,31.7,ENT0016,Company P,企业用户,FixedWing,Autel Alpha,Surveying,SN1007,798,Pingshan,Pingshan,False,True,True
2023-04-09,10:32:00,Luohu,109,19.2,ENT0009,Company I,个人用户,FixedWing,Autel Alpha,Logistics,SN1021,478,Dapeng,Dapeng,True,True,True
2023-07-28,08:22:00,Luohu,70,55.72,ENT0010,Company J,个人用户,Helicopter,E200,Logistics,SN1010,584,Longhua,Longhua,False,True,True
2023-11-17,11:19:00,Longgang,113,17.57,ENT0024,Company X,企业用户,FixedWing,Autel Alpha,Logistics,SN1099,440,Longgang,Longhua,False,True,True
2023-10-11,21:05:00,Yantian,107,19.26,ENT0012,Company L,企业用户,MultiRotor,Autel Alpha,Inspection,SN1069,289,Baoan,Baoan,False,True,True
2023-06-11,03:56:00,Longgang,17,25.05,ENT0026,Company Z,个人用户,FixedWing,E200,Personal,SN1013,353,Luohu,Luohu,False,True,True
2023-03-22,23:40:00,Futian,76,6.59,ENT0011,Company K,未知用户,Helicopter,Dragonfish,Personal,SN1028,645,Futian,Futian,False,True,True
2023-07-26,01:24:00,Longhua,84,30.81,ENT0010,Company J,企业用户,MultiRotor,M300,Surveying,SN1049,345,Nanshan,Luohu,False,True,True
2023-03-31,19:33:00,Luohu,114,39.56,ENT0024,Company X,企业用户,MultiRotor,M300,Inspection,SN1070,241,Longgang,Longgang,False,True,True
2023-03-25,23:10:00,Futian,14,45.52,ENT0004,Company D,个人用户,FixedWing,Autel Alpha,Inspection,SN1087,266,Nanshan,Pingshan,False,True,True
2023-10-15,17:10:00,Nanshan,28,15.92,ENT0017,Company Q,企业用户,FixedWing,Autel Alpha,Inspection,SN1057,521,Yantian,Yantian,False,True,True
2023-08-01,12:50:00,Longhua,93,51.34,ENT0020,Company T,企业用户,FixedWing,M300,Surveying,SN1005,743,Baoan,Nanshan,False,True,True
2023-08-21,23:48:00,Luohu,102,42.04,ENT0026,Company Z,个人用户,Helicopter,E200,Logistics,SN1029,275,Pingshan,Pingshan,False,True,True
2023-12-23,11:46:00,Dapeng,74,11.64,ENT0008,Company H,个人用户,MultiRotor,Mavic 3,Logistics,SN1064,201,Yantian,Guangming,False,True,True
2023-12-07,17:50:00,Luohu,23,19.57,ENT0021,Company U,企业用户,MultiRotor,V50,Emergency,SN1021,211,Baoan,Baoan,False,True,True
2023-09-05,12:34:00,Pingshan,95,8.3,ENT0026,Company Z,个人用户,Helicopter,Mavic 3,Emergency,SN1050,604,Yantian,Yantian,False,True,True
2023-06-01,11:06:00,Baoan,7,57.44,ENT0029,Company ],企业用户,MultiRotor,P100,Personal,SN1043,115,Dapeng,Dapeng,False,True,True
2023-11-12,18:22:00,Futian,52,54.66,ENT0008,Company H,企业用户,MultiRotor,M300,Inspection,SN1041,513,Yantian,Futian,False,True,True
2023-04-30,14:13:00,Nanshan,108,33.59,ENT0015,Company O,未知用户,MultiRotor,Autel Alpha,Logistics,SN1083,748,Longgang,Longgang,False,True,True
2023-04-07,02:23:00,Dapeng,51,30.5,ENT0003,Company C,个人用户,FixedWing,V50,Emergency,SN1003,265,Yantian,Yantian,False,True,True
2023-08-04,07:17:00,Yantian,84,57.92,ENT0015,Company O,企业用户,MultiRotor,Dragonfish,Inspection,SN1075,307,Dapeng,Dapeng,False,True,False
2023-08-21,10:35:00,Baoan,5,56.48,ENT0025,Company Y,企业用户,Helicopter,Mavic 3,Emergency,SN1048,219,Longhua,Longhua,False,True,True
2023-07-23,08:32:00,Longhua,34,47.51,ENT0023,Company W,未知用户,MultiRotor,M300,Inspection,SN1062,98,Baoan,Longgang,False,True,True
2023-03-15,16:40:00,Futian,113,2.5,ENT0013,Company M,企业用户,MultiRotor,Autel Alpha,Personal,SN1066,425,Longhua,Longhua,False,False,False
2023-10-22,07:22:00,Longhua,55,33.02,ENT0026,Company Z,个人用户,MultiRotor,Autel Alpha,Logistics,SN1049,87,Dapeng,Dapeng,False,True,True
2023-10-22,14:55:00,Dapeng,26,13.97,ENT0022,Company V,企业用户,Helicopter,Mavic 3,Logistics,SN1030,718,Longgang,Longgang,False,True,True
2023-09-26,08:19:00,Dapeng,106,55.77,ENT0030,Company ^,企业用户,MultiRotor,Autel Alpha,Surveying,SN1013,63,Yantian,Yantian,False,True,False
2023-06-07,16:26:00,Luohu,11,30.36,ENT0006,Company F,企业用户,FixedWing,E200,Surveying,SN1088,108,Yantian,Yantian,False,True,True
2023-01-06,06:41:00,Longgang,72,19.99,ENT0017,Company Q,企业用户,FixedWing,E200,Personal,SN1071,54,Nanshan,Nanshan,False,True,True
2023-08-25,10:25:00,Longgang,50,48.82,ENT0029,Company ],企业用户,MultiRotor,P100,Personal,SN1068,686,Yantian,Yantian,False,True,True
2023-08-12,11:38:00,Dapeng,17,40.38,ENT0022,Company V,企业用户,MultiRotor,E200,Surveying,SN1038,745,Nanshan,Nanshan,False,True,True
2023-08-28,20:42:00,Longhua,95,17.38,ENT0010,Company J,个人用户,MultiRotor,Mavic 3,Inspection,SN1063,346,Longgang,Longgang,False,True,True
2023-03-15,08:47:00,Pingshan,70,51.61,ENT0015,Company O,企业用户,MultiRotor,Dragonfish,Surveying,SN1019,767,Longgang,Luohu,False,True,True
2023-05-26,19:50:00,Pingshan,83,52.87,ENT0025,Company Y,企业用户,FixedWing,M300,Personal,SN1061,219,Longgang,Longgang,False,True,False
2023-11-06,13:56:00,Longgang,69,15.41,ENT0014,Company N,个人用户,FixedWing,V50,Personal,SN1025,302,Nanshan,Nanshan,False,True,True
2023-03-02,02:00:00,Futian,75,32.34,ENT0001,Company A,企业用户,FixedWing,V50,Logistics,SN1011,725,Pingshan,Pingshan,False,True,True
2023-02-04,10:08:00,Longgang,96,1.51,ENT0012,Company L,个人用户,FixedWing,V50,Inspection,SN1068,550,Guangming,Guangming,False,True,True
2023-06-10,19:00:00,Futian,78,7.4,ENT0013,Company M,企业用户,MultiRotor,V50,Personal,SN1062,548,Luohu,Luohu,False,True,True
2023-08-26,17:47:00,Longhua,108,53.4,ENT0026,Company Z,未知用户,Helicopter,E200,Logistics,SN1015,233,Longgang,Longgang,False,True,False
2023-10-04,15:56:00,Luohu,34,40.9,ENT0019,Company S,企业用户,MultiRotor,Autel Alpha,Surveying,SN1024,60,Pingshan,Pingshan,False,True,True
2023-06-03,10:20:00,Yantian,36,46.87,ENT0012,Company L,企业用户,Helicopter,V50,Emergency,SN1001,544,Baoan,Baoan,False,True,True
2023-11-10,09:00:00,Longhua,60,37.94,ENT0013,Company M,未知用户,FixedWing,P100,Emergency,SN1028,126,Baoan,Baoan,True,True,True
2023-02-05,19:23:00,Baoan,19,20.73,ENT0017,Company Q,个人用户,FixedWing,V50,Personal,SN1038,789,Longgang,Longgang,False,True,True
2023-05-15,14:41:00,Yantian,46,44.4,ENT0027,Company [,企业用户,Helicopter,P100,Logistics,SN1016,676,Guangming,Dapeng,False,True,True
2023-09-12,07:24:00,Longgang,112,1.25,ENT0003,Company C,企业用户,Helicopter,Dragonfish,Personal,SN1045,708,Longhua,Longhua,True,False,False
2023-09-09,19:11:00,Baoan,40,48.96,ENT0007,Company G,个人用户,Helicopter,P100,Surveying,SN1095,167,Luohu,Luohu,False,True,True
2023-07-30,03:38:00,Nanshan,6,29.2,ENT0001,Company A,个人用户,Helicopter,Mavic 3,Logistics,SN1095,344,Dapeng,Dapeng,False,True,True
2023-01-30,21:46:00,Yantian,101,38.93,ENT0023,Company W,企业用户,Helicopter,P100,Surveying,SN1034,679,Futian,Luohu,False,True,True
2023-03-30,09:49:00,Yantian,77,10.59,ENT0009,Company I,企业用户,MultiRotor,V50,Personal,SN1008,420,Guangming,Guangming,False,True,True
2023-03-12,14:43:00,Longgang,72,5.79,ENT0026,Company Z,个人用户,FixedWing,P100,Personal,SN1052,216,Yantian,Yantian,False,True,True
2023-10-07,01:16:00,Guangming,50,56.56,ENT0006,Company F,企业用户,MultiRotor,V50,Logistics,SN1068,277,Yantian,Yantian,True,True,True
2023-10-29,02:02:00,Guangming,62,52.22,ENT0013,Company M,企业用户,Helicopter,Dragonfish,Personal,SN1003,487,Longgang,Longgang,True,True,True
2023-06-20,03:22:00,Pingshan,96,37.01,ENT0023,Company W,企业用户,Helicopter,Autel Alpha,Personal,SN1014,79,Futian,Futian,False,True,True
2023-06-19,12:15:00,Longgang,104,23.99,ENT0010,Company J,个人用户,MultiRotor,Autel Alpha,Surveying,SN1011,197,Pingshan,Pingshan,False,True,True
2023-03-13,20:05:00,Longgang,118,26.58,ENT0023,Company W,个人用户,MultiRotor,V50,Logistics,SN1099,323,Longhua,Futian,False,True,True
2023-10-27,20:06:00,Futian,88,47.46,ENT0028,Company \,未知用户,MultiRotor,Mavic 3,Surveying,SN1015,640,Nanshan,Baoan,False,True,False
2023-10-24,14:25:00,Longhua,55,25.58,ENT0029,Company ],个人用户,MultiRotor,M300,Personal,SN1041,203,Pingshan,Yantian,True,True,True
2023-05-18,05:15:00,Longgang,97,43.22,ENT0026,Company Z,未知用户,MultiRotor,P100,Inspection,SN1083,371,Baoan,Futian,False,True,True
2023-08-29,23:31:00,Pingshan,81,16.32,ENT0008,Company H,企业用户,MultiRotor,M300,Logistics,SN1022,526,Luohu,Nanshan,False,True,True
2023-07-16,10:02:00,Yantian,49,3.49,ENT0029,Company ],个人用户,FixedWing,Mavic 3,Inspection,SN1032,696,Nanshan,Pingshan,False,True,True
2023-04-18,22:36:00,Guangming,89,45.43,ENT0018,Company R,企业用户,MultiRotor,V50,Logistics,SN1037,438,Longhua,Longgang,False,True,True
2023-08-11,10:50:00,Luohu,45,13.66,ENT0023,Company W,未知用户,MultiRotor,Mavic 3,Surveying,SN1096,266,Longhua,Longhua,False,True,True
2023-06-24,10:49:00,Longgang,38,36.89,ENT0002,Company B,企业用户,FixedWing,Dragonfish,Emergency,SN1057,424,Dapeng,Dapeng,False,True,True
2023-12-19,04:46:00,Baoan,13,12.39,ENT0001,Company A,企业用户,MultiRotor,V50,Logistics,SN1001,571,Longhua,Longhua,False,True,True
2023-01-29,11:26:00,Luohu,85,27.21,ENT0002,Company B,企业用户,MultiRotor,Autel Alpha,Emergency,SN1053,356,Longgang,Longgang,False,True,False
2023-03-26,05:48:00,Baoan,94,37.25,ENT0003,Company C,企业用户,MultiRotor,Dragonfish,Emergency,SN1015,481,Longgang,Longgang,False,True,True
2023-02-26,23:08:00,Futian,65,33.45,ENT0029,Company ],个人用户,FixedWing,P100,Surveying,SN1090,469,Futian,Futian,False,True,True
2023-08-14,21:12:00,Pingshan,87,16.02,ENT0020,Company T,企业用户,Helicopter,E200,Personal,SN1024,314,Nanshan,Nanshan,False,True,True
2023-08-05,14:20:00,Luohu,86,20.51,ENT0010,Company J,个人用户,Helicopter,E200,Surveying,SN1074,59,Luohu,Luohu,False,True,False
2023-12-16,18:47:00,Yantian,62,45.1,ENT0017,Company Q,个人用户,Helicopter,Dragonfish,Inspection,SN1086,476,Longgang,Longgang,False,True,True
2023-06-12,03:01:00,Yantian,108,47.98,ENT0027,Company [,个人用户,FixedWing,Autel Alpha,Surveying,SN1091,463,Longgang,Longhua,False,False,False
2023-08-21,18:40:00,Longgang,83,18.33,ENT0022,Company V,未知用户,FixedWing,Dragonfish,Emergency,SN1050,190,Longhua,Longhua,False,True,True
2023-05-25,21:50:00,Longgang,82,19.64,ENT0004,Company D,企业用户,MultiRotor,Autel Alpha,Logistics,SN1004,293,Pingshan,Yantian,False,True,True
2023-04-10,17:24:00,Futian,16,49.68,ENT0021,Company U,个人用户,MultiRotor,Autel Alpha,Surveying,SN1010,795,Baoan,Baoan,False,True,True
2023-06-12,19:01:00,Luohu,54,33.72,ENT0030,Company ^,个人用户,Helicopter,Dragonfish,Logistics,SN1075,358,Futian,Futian,False,True,True
2023-04-02,16:15:00,Guangming,71,11.95,ENT0001,Company A,企业用户,MultiRotor,M300,Inspection,SN1024,579,Longgang,Longgang,False,True,True
2023-06-26,16:31:00,Guangming,46,21.5,ENT0005,Company E,企业用户,MultiRotor,E200,Personal,SN1051,365,Nanshan,Nanshan,False,True,True
2023-03-23,03:41:00,Baoan,95,27.28,ENT0006,Company F,企业用户,FixedWing,M300,Emergency,SN1045,406,Yantian,Yantian,False,True,True
2023-05-03,00:16:00,Luohu,15,27.55,ENT0004,Company D,企业用户,Helicopter,P100,Emergency,SN1020,232,Yantian,Yantian,False,True,True
2023-04-29,02:28:00,Futian,59,24.54,ENT0027,Company [,个人用户,FixedWing,Autel Alpha,Personal,SN1069,318,Guangming,Guangming,False,True,True
2023-12-12,02:50:00,Pingshan,101,19.07,ENT0018,Company R,企业用户,Helicopter,E200,Personal,SN1007,419,Dapeng,Baoan,False,True,True
2023-10-20,18:16:00,Yantian,22,27.94,ENT0026,Company Z,未知用户,FixedWing,M300,Inspection,SN1073,512,Yantian,Nanshan,False,True,True
2023-05-17,02:38:00,Dapeng,40,44.51,ENT0014,Company N,未知用户,MultiRotor,Dragonfish,Personal,SN1026,450,Nanshan,Guangming,False,True,True
2023-12-26,20:35:00,Baoan,103,5.5,ENT0029,Company ],未知用户,FixedWing,E200,Emergency,SN1058,60,Nanshan,Nanshan,False,True,True
2023-05-11,16:13:00,Pingshan,114,17.75,ENT0009,Company I,个人用户,FixedWing,Mavic 3,Surveying,SN1004,58,Yantian,Yantian,False,True,True
2023-11-18,11:28:00,Longhua,87,59.46,ENT0025,Company Y,企业用户,Helicopter,Autel Alpha,Emergency,SN1084,189,Nanshan,Nanshan,False,True,True
2023-01-08,10:06:00,Longgang,116,18.9,ENT0028,Company \,企业用户,Helicopter,E200,Emergency,SN1007,376,Nanshan,Nanshan,False,True,True
2023-08-31,06:25:00,Longhua,22,41.1,ENT0016,Company P,企业用户,FixedWing,V50,Logistics,SN1027,701,Guangming,Guangming,True,True,True
2023-12-26,12:26:00,Futian,88,20.01,ENT0002,Company B,个人用户,Helicopter,Mavic 3,Emergency,SN1057,685,Futian,Futian,True,True,True
2023-01-03,08:00:00,Nanshan,6,30.38,ENT0010,Company J,企业用户,Helicopter,Autel Alpha,Emergency,SN1069,728,Nanshan,Nanshan,False,True,True
2023-02-28,13:15:00,Luohu,57,7.39,ENT0003,Company C,企业用户,MultiRotor,M300,Surveying,SN1032,506,Nanshan,Nanshan,False,True,True
2023-11-27,11:41:00,Baoan,96,28.55,ENT0016,Company P,个人用户,Helicopter,P100,Logistics,SN1016,416,Futian,Futian,False,True,True
2023-11-08,08:32:00,Dapeng,24,59.55,ENT0009,Company I,企业用户,MultiRotor,P100,Inspection,SN1034,425,Longgang,Longgang,False,True,True
2023-07-27,04:11:00,Dapeng,14,43.74,ENT0019,Company S,企业用户,MultiRotor,Mavic 3,Personal,SN1034,606,Nanshan,Longhua,False,True,True
2023-06-11,07:45:00,Longhua,59,52.93,ENT0013,Company M,企业用户,Helicopter,V50,Logistics,SN1088,189,Pingshan,Nanshan,False,True,True
2023-11-13,16:01:00,Baoan,21,22.65,ENT0019,Company S,个人用户,MultiRotor,P100,Personal,SN1069,798,Yantian,Yantian,False,True,True
2023-12-26,02:10:00,Baoan,15,39.56,ENT0003,Company C,个人用户,FixedWing,E200,Surveying,SN1063,668,Luohu,Pingshan,False,True,True
2023-02-27,15:36:00,Luohu,16,47.93,ENT0019,Company S,个人用户,Helicopter,Mavic 3,Logistics,SN1017,143,Longgang,Guangming,False,True,True
2023-08-24,13:35:00,Dapeng,47,40.01,ENT0023,Company W,企业用户,MultiRotor,M300,Surveying,SN1055,149,Yantian,Yantian,False,True,True
2023-04-04,09:27:00,Luohu,118,17.93,ENT0027,Company [,企业用户,Helicopter,Mavic 3,Logistics,SN1015,524,Futian,Futian,False,True,True
2023-03-19,09:43:00,Futian,56,39.29,ENT0029,Company ],企业用户,MultiRotor,Autel Alpha,Inspection,SN1015,357,Guangming,Guangming,False,True,True
2023-03-02,18:32:00,Futian,80,34.71,ENT0015,Company O,个人用户,Helicopter,M300,Emergency,SN1004,536,Yantian,Yantian,False,True,True
2023-10-04,15:22:00,Longhua,9,24.34,ENT0009,Company I,个人用户,Helicopter,Dragonfish,Logistics,SN1093,170,Futian,Longgang,True,True,True
2023-11-17,10:04:00,Dapeng,32,26.85,ENT0017,Company Q,个人用户,FixedWing,V50,Logistics,SN1075,303,Baoan,Baoan,False,True,True
2023-11-27,18:14:00,Guangming,101,2.03,ENT0007,Company G,个人用户,Helicopter,P100,Personal,SN1029,435,Yantian,Yantian,False,True,True
2023-04-20,00:14:00,Luohu,39,20.33,ENT0012,Company L,个人用户,FixedWing,Dragonfish,Inspection,SN1075,215,Longhua,Longhua,False,True,True
2023-12-13,21:50:00,Dapeng,46,1.86,ENT0016,Company P,企业用户,MultiRotor,M300,Emergency,SN1091,681,Yantian,Yantian,False,False,False
2023-12-09,23:51:00,Futian,9,59.3,ENT0013,Company M,企业用户,Helicopter,Dragonfish,Surveying,SN1032,619,Pingshan,Baoan,False,True,False
2023-09-28,12:57:00,Longhua,78,54.77,ENT0007,Company G,企业用户,Helicopter,E200,Logistics,SN1038,201,Longgang,Longgang,False,False,False
2023-02-05,13:59:00,Longhua,114,16.26,ENT0005,Company E,企业用户,Helicopter,Dragonfish,Personal,SN1051,432,Longgang,Longgang,False,True,True
2023-02-03,05:26:00,Longgang,89,33.78,ENT0018,Company R,个人用户,MultiRotor,V50,Inspection,SN1050,738,Longgang,Longhua,False,True,True
2023-02-23,00:15:00,Dapeng,7,34.77,ENT0015,Company O,企业用户,Helicopter,Dragonfish,Emergency,SN1057,222,Futian,Pingshan,False,True,True
2023-03-24,00:51:00,Yantian,85,43.86,ENT0002,Company B,企业用户,FixedWing,V50,Personal,SN1070,291,Yantian,Yantian,False,True,True
2023-02-05,17:29:00,Longhua,53,27.74,ENT0025,Company Y,个人用户,Helicopter,M300,Logistics,SN1026,211,Luohu,Nanshan,False,True,True
2023-10-27,13:00:00,Luohu,85,14.41,ENT0017,Company Q,企业用户,Helicopter,M300,Logistics,SN1057,510,Baoan,Luohu,False,True,True
2023-06-27,17:35:00,Futian,110,4.25,ENT0004,Company D,企业用户,FixedWing,P100,Inspection,SN1006,127,Luohu,Luohu,False,True,True
2023-05-22,07:04:00,Nanshan,86,39.12,ENT0015,Company O,未知用户,MultiRotor,V50,Inspection,SN1010,108,Baoan,Baoan,False,True,True
2023-04-11,07:07:00,Baoan,32,58.61,ENT0010,Company J,个人用户,Helicopter,P100,Emergency,SN1082,675,Guangming,Guangming,False,True,True
2023-12-07,23:39:00,Pingshan,92,57.09,ENT0028,Company \,企业用户,MultiRotor,Mavic 3,Surveying,SN1010,346,Longgang,Longgang,False,True,False
2023-06-12,11:14:00,Dapeng,20,7.26,ENT0030,Company ^,企业用户,MultiRotor,E200,Logistics,SN1041,316,Dapeng,Pingshan,False,True,True
2023-01-22,13:22:00,Dapeng,65,46.44,ENT0003,Company C,未知用户,Helicopter,Dragonfish,Surveying,SN1094,166,Guangming,Guangming,False,True,True
2023-10-15,15:22:00,Pingshan,32,1.7,ENT0003,Company C,个人用户,FixedWing,E200,Emergency,SN1084,708,Futian,Nanshan,False,True,True
2023-02-26,05:08:00,Yantian,10,5.88,ENT0023,Company W,企业用户,MultiRotor,P100,Logistics,SN1019,230,Pingshan,Guangming,False,True,True
2023-02-26,10:11:00,Futian,24,11.02,ENT0023,Company W,企业用户,FixedWing,Autel Alpha,Inspection,SN1077,450,Guangming,Guangming,False,True,True
2023-11-16,16:38:00,Longgang,56,51.73,ENT0013,Company M,个人用户,Helicopter,Mavic 3,Logistics,SN1068,251,Futian,Futian,False,True,True
2023-01-16,09:37:00,Futian,106,26.33,ENT0005,Company E,企业用户,FixedWing,Autel Alpha,Logistics,SN1082,536,Longgang,Longgang,False,True,True
2023-12-24,05:59:00,Longgang,81,31.33,ENT0015,Company O,企业用户,FixedWing,Mavic 3,Emergency,SN1093,542,Luohu,Luohu,False,True,True
2023-06-10,06:55:00,Nanshan,87,22.62,ENT0001,Company A,企业用户,Helicopter,E200,Inspection,SN1021,361,Longhua,Longhua,False,True,True
2023-03-24,08:00:00,Dapeng,113,30.17,ENT0007,Company G,个人用户,Helicopter,Mavic 3,Inspection,SN1085,713,Baoan,Baoan,False,True,True
2023-03-15,03:30:00,Longgang,40,56.2,ENT0001,Company A,未知用户,MultiRotor,Autel Alpha,Logistics,SN1065,390,Yantian,Guangming,False,True,True
2023-12-26,12:11:00,Futian,12,8.77,ENT0009,Company I,未知用户,Helicopter,Mavic 3,Surveying,SN1038,82,Nanshan,Nanshan,False,True,True
2023-10-25,19:30:00,Guangming,111,53.46,ENT0024,Company X,企业用户,MultiRotor,M300,Inspection,SN1080,209,Baoan,Baoan,False,True,True
2023-07-11,02:33:00,Pingshan,63,2.66,ENT0010,Company J,企业用户,FixedWing,E200,Inspection,SN1065,109,Yantian,Pingshan,False,True,True
2023-01-09,01:52:00,Luohu,77,16.58,ENT0012,Company L,企业用户,MultiRotor,P100,Surveying,SN1091,592,Luohu,Luohu,False,True,True
2023-11-04,07:34:00,Baoan,65,36.99,ENT0026,Company Z,企业用户,FixedWing,M300,Surveying,SN1001,522,Yantian,Yantian,True,True,True
2023-03-04,10:56:00,Dapeng,12,5.94,ENT0008,Company H,个人用户,Helicopter,Mavic 3,Inspection,SN1048,483,Futian,Futian,False,True,True
2023-03-22,00:09:00,Yantian,32,46.54,ENT0029,Company ],企业用户,MultiRotor,Autel Alpha,Logistics,SN1082,794,Baoan,Baoan,False,True,True
2023-12-25,02:54:00,Pingshan,99,37.35,ENT0019,Company S,企业用户,FixedWing,Dragonfish,Personal,SN1061,402,Guangming,Baoan,False,True,True
2023-08-18,01:17:00,Pingshan,32,33.89,ENT0003,Company C,企业用户,FixedWing,M300,Surveying,SN1043,65,Longgang,Futian,False,True,True
2023-07-16,00:55:00,Pingshan,11,1.14,ENT0020,Company T,个人用户,Helicopter,V50,Surveying,SN1036,790,Luohu,Luohu,False,True,True
2023-03-03,04:20:00,Pingshan,58,57.1,ENT0002,Company B,企业用户,MultiRotor,Mavic 3,Surveying,SN1045,567,Guangming,Guangming,False,True,True
2023-04-07,10:51:00,Dapeng,28,41.66,ENT0026,Company Z,个人用户,MultiRotor,M300,Personal,SN1012,563,Baoan,Baoan,False,True,True
2023-01-01,00:48:00,Longgang,5,8.45,ENT0027,Company [,企业用户,FixedWing,Autel Alpha,Logistics,SN1015,51,Dapeng,Dapeng,False,True,True
2023-08-02,13:52:00,Baoan,17,41.28,ENT0012,Company L,个人用户,Helicopter,V50,Personal,SN1030,694,Futian,Baoan,False,True,True
2023-09-03,10:07:00,Longhua,76,2.98,ENT0029,Company ],个人用户,Helicopter,V50,Inspection,SN1018,616,Dapeng,Dapeng,False,True,True
2023-01-26,03:43:00,Longhua,101,35.29,ENT0011,Company K,企业用户,MultiRotor,Autel Alpha,Emergency,SN1011,599,Guangming,Guangming,False,True,True
2023-08-26,00:39:00,Nanshan,22,12.93,ENT0011,Company K,个人用户,FixedWing,Autel Alpha,Inspection,SN1073,624,Yantian,Yantian,False,True,True
2023-10-26,12:45:00,Baoan,73,43.16,ENT0015,Company O,个人用户,Helicopter,P100,Logistics,SN1099,602,Guangming,Guangming,False,True,True
2023-02-17,05:23:00,Luohu,108,24.77,ENT0018,Company R,未知用户,Helicopter,M300,Logistics,SN1062,541,Pingshan,Pingshan,False,True,True
2023-06-26,20:07:00,Luohu,23,10.33,ENT0022,Company V,企业用户,FixedWing,Mavic 3,Inspection,SN1090,201,Longgang,Longgang,False,True,True
2023-05-28,11:57:00,Baoan,28,49.59,ENT0010,Company J,未知用户,FixedWing,E200,Personal,SN1009,779,Longhua,Longhua,False,True,True
2023-08-21,22:17:00,Longgang,108,30.36,ENT0013,Company M,企业用户,Helicopter,M300,Personal,SN1071,381,Dapeng,Dapeng,False,True,True
2023-09-15,07:28:00,Longhua,49,37.58,ENT0004,Company D,未知用户,Helicopter,Autel Alpha,Emergency,SN1006,487,Futian,Futian,True,True,True
2023-02-23,03:19:00,Longhua,93,57.23,ENT0030,Company ^,未知用户,MultiRotor,Mavic 3,Personal,SN1021,127,Longgang,Longgang,False,True,True
2023-02-06,11:34:00,Luohu,46,43.49,ENT0015,Company O,企业用户,FixedWing,Mavic 3,Inspection,SN1051,433,Dapeng,Futian,True,True,True
2023-07-15,17:43:00,Luohu,21,13.01,ENT0009,Company I,企业用户,FixedWing,V50,Inspection,SN1006,608,Yantian,Yantian,True,True,True
2023-12-02,15:03:00,Futian,83,9.01,ENT0028,Company \,企业用户,Helicopter,V50,Inspection,SN1062,743,Longhua,Longhua,False,True,True
2023-06-26,21:56:00,Futian,117,2.14,ENT0009,Company I,企业用户,FixedWing,Autel Alpha,Personal,SN1038,378,Guangming,Pingshan,False,True,True
2023-01-08,19:29:00,Yantian,27,24.37,ENT0024,Company X,企业用户,MultiRotor,Dragonfish,Inspection,SN1008,138,Dapeng,Dapeng,False,True,True
2023-07-20,19:09:00,Pingshan,95,39.65,ENT0005,Company E,个人用户,MultiRotor,Autel Alpha,Personal,SN1056,207,Guangming,Guangming,False,True,True
2023-10-03,20:33:00,Nanshan,21,56.01,ENT0016,Company P,个人用户,FixedWing,Dragonfish,Surveying,SN1024,463,Pingshan,Pingshan,True,True,True
2023-06-04,07:06:00,Yantian,117,7.28,ENT0027,Company [,企业用户,Helicopter,E200,Personal,SN1098,243,Nanshan,Dapeng,False,False,False
2023-12-07,04:59:00,Guangming,20,35.91,ENT0025,Company Y,个人用户,Helicopter,P100,Personal,SN1041,229,Dapeng,Luohu,False,True,True
2023-06-15,23:48:00,Futian,100,31.48,ENT0021,Company U,企业用户,MultiRotor,P100,Emergency,SN1002,676,Longhua,Longhua,True,True,True
2023-09-04,23:36:00,Luohu,66,18.51,ENT0005,Company E,企业用户,FixedWing,V50,Surveying,SN1028,574,Guangming,Guangming,False,True,True
2023-02-11,23:49:00,Luohu,38,45.05,ENT0009,Company I,未知用户,FixedWing,V50,Surveying,SN1032,793,Longhua,Longhua,False,True,True
2023-11-30,19:48:00,Baoan,6,13.05,ENT0001,Company A,企业用户,Helicopter,E200,Emergency,SN1060,142,Nanshan,Nanshan,False,True,True
2023-12-12,11:05:00,Longgang,73,31.29,ENT0016,Company P,企业用户,FixedWing,M300,Emergency,SN1073,525,Baoan,Longgang,True,True,True
2023-03-16,17:31:00,Nanshan,10,18.01,ENT0013,Company M,个人用户,FixedWing,P100,Inspection,SN1049,215,Baoan,Baoan,True,False,False
2023-01-19,21:58:00,Luohu,117,51.99,ENT0010,Company J,企业用户,Helicopter,E200,Surveying,SN1043,631,Pingshan,Pingshan,False,True,True
2023-04-09,10:51:00,Yantian,73,56.83,ENT0016,Company P,企业用户,Helicopter,V50,Surveying,SN1057,744,Longhua,Longhua,False,True,True
2023-08-23,08:55:00,Luohu,31,13.21,ENT0023,Company W,企业用户,Helicopter,P100,Inspection,SN1059,241,Dapeng,Dapeng,False,True,True
2023-11-13,08:04:00,Longgang,58,45.22,ENT0010,Company J,个人用户,FixedWing,Dragonfish,Logistics,SN1037,470,Nanshan,Nanshan,False,True,True
2023-09-03,21:54:00,Longhua,78,26.92,ENT0021,Company U,企业用户,FixedWing,V50,Inspection,SN1075,78,Baoan,Baoan,False,True,True
2023-07-31,09:36:00,Baoan,95,16.01,ENT0017,Company Q,企业用户,Helicopter,P100,Surveying,SN1027,557,Guangming,Guangming,False,True,True
2023-10-04,04:20:00,Longhua,67,26.34,ENT0016,Company P,企业用户,MultiRotor,V50,Emergency,SN1083,235,Longhua,Pingshan,False,True,True
2023-09-12,12:47:00,Longhua,37,34.69,ENT0027,Company [,个人用户,Helicopter,Mavic 3,Inspection,SN1039,403,Futian,Futian,False,True,True
2023-01-18,01:37:00,Pingshan,24,42.82,ENT0016,Company P,企业用户,MultiRotor,Autel Alpha,Surveying,SN1089,643,Longhua,Longhua,False,True,True
2023-11-19,13:19:00,Pingshan,21,23.04,ENT0013,Company M,企业用户,MultiRotor,Dragonfish,Personal,SN1024,286,Luohu,Luohu,False,True,True
2023-04-26,20:42:00,Nanshan,45,43.59,ENT0029,Company ],企业用户,Helicopter,Autel Alpha,Personal,SN1091,413,Dapeng,Dapeng,False,True,True
2023-02-25,15:26:00,Baoan,73,33.4,ENT0014,Company N,个人用户,Helicopter,Mavic 3,Surveying,SN1003,342,Luohu,Luohu,True,True,True
2023-05-26,22:06:00,Baoan,7,25.75,ENT0013,Company M,个人用户,Helicopter,M300,Inspection,SN1019,401,Dapeng,Dapeng,False,True,True
2023-07-22,11:10:00,Baoan,109,18.44,ENT0009,Company I,个人用户,FixedWing,Autel Alpha,Emergency,SN1039,717,Luohu,Luohu,True,True,True
2023-10-16,13:13:00,Baoan,72,32.81,ENT0027,Company [,未知用户,FixedWing,Mavic 3,Emergency,SN1095,173,Luohu,Luohu,False,True,True
2023-11-05,13:24:00,Pingshan,76,40.24,ENT0030,Company ^,企业用户,Helicopter,P100,Inspection,SN1062,70,Nanshan,Nanshan,False,True,True
2023-05-09,13:01:00,Nanshan,41,56.04,ENT0011,Company K,企业用户,Helicopter,Dragonfish,Logistics,SN1058,222,Guangming,Guangming,True,True,False
2023-03-25,23:40:00,Luohu,81,31.43,ENT0009,Company I,企业用户,Helicopter,V50,Personal,SN1045,586,Longgang,Longgang,False,True,True
2023-04-14,03:50:00,Yantian,64,8.89,ENT0015,Company O,企业用户,MultiRotor,Autel Alpha,Logistics,SN1081,353,Baoan,Baoan,False,True,True
2023-01-12,21:42:00,Guangming,82,31.01,ENT0001,Company A,企业用户,Helicopter,V50,Inspection,SN1011,668,Luohu,Luohu,False,True,True
2023-05-28,11:04:00,Baoan,57,52.48,ENT0009,Company I,企业用户,Helicopter,E200,Personal,SN1003,368,Futian,Futian,False,True,True
2023-09-12,17:50:00,Yantian,75,13.37,ENT0005,Company E,企业用户,MultiRotor,Autel Alpha,Surveying,SN1066,444,Pingshan,Pingshan,False,True,True
2023-12-22,20:15:00,Longhua,21,41.73,ENT0005,Company E,个人用户,Helicopter,Mavic 3,Personal,SN1091,445,Luohu,Luohu,False,True,True
2023-11-17,20:21:00,Yantian,34,43.44,ENT0015,Company O,个人用户,Helicopter,E200,Inspection,SN1030,285,Yantian,Pingshan,False,True,True
2023-12-05,18:41:00,Guangming,53,26.26,ENT0010,Company J,个人用户,MultiRotor,P100,Personal,SN1055,744,Pingshan,Nanshan,False,True,True
2023-09-20,00:56:00,Pingshan,63,43.6,ENT0017,Company Q,企业用户,Helicopter,M300,Personal,SN1041,137,Futian,Futian,False,True,True
2023-02-24,22:49:00,Guangming,93,33.6,ENT0028,Company \,企业用户,MultiRotor,Autel Alpha,Emergency,SN1099,733,Pingshan,Pingshan,False,True,True
2023-10-19,11:58:00,Dapeng,87,8.71,ENT0022,Company V,企业用户,FixedWing,P100,Inspection,SN1073,627,Guangming,Guangming,False,True,True
2023-10-15,11:09:00,Guangming,89,5.48,ENT0009,Company I,个人用户,FixedWing,E200,Personal,SN1028,626,Dapeng,Longhua,False,True,True
2023-12-10,20:39:00,Luohu,8,17.16,ENT0008,Company H,企业用户,FixedWing,Dragonfish,Personal,SN1092,737,Luohu,Baoan,False,True,True
2023-02-10,14:45:00,Pingshan,59,58.16,ENT0030,Company ^,企业用户,MultiRotor,Autel Alpha,Inspection,SN1008,248,Longgang,Longgang,True,True,True
2023-05-23,15:51:00,Luohu,59,5.44,ENT0012,Company L,企业用户,FixedWing,P100,Emergency,SN1021,198,Luohu,Longhua,False,True,True
2023-06-05,19:24:00,Futian,68,53.97,ENT0001,Company A,个人用户,MultiRotor,E200,Inspection,SN1014,144,Longhua,Longhua,False,True,True
2023-09-29,05:44:00,Longgang,32,25.46,ENT0024,Company X,企业用户,FixedWing,E200,Emergency,SN1084,464,Longgang,Longgang,True,True,True
2023-08-19,22:34:00,Pingshan,78,50.5,ENT0029,Company ],企业用户,Helicopter,M300,Emergency,SN1041,167,Dapeng,Dapeng,False,True,True
2023-11-12,14:00:00,Futian,78,59.67,ENT0021,Company U,企业用户,FixedWing,P100,Inspection,SN1017,466,Luohu,Luohu,False,True,True
2023-12-17,23:09:00,Nanshan,22,19.2,ENT0002,Company B,企业用户,Helicopter,Mavic 3,Inspection,SN1064,357,Dapeng,Dapeng,False,True,True
2023-11-11,21:44:00,Baoan,6,18.76,ENT0025,Company Y,个人用户,Helicopter,M300,Surveying,SN1051,770,Futian,Futian,False,True,True
2023-06-23,21:58:00,Luohu,9,38.07,ENT0007,Company G,企业用户,MultiRotor,M300,Personal,SN1012,492,Guangming,Guangming,False,True,True
2023-08-14,17:54:00,Dapeng,37,24.84,ENT0025,Company Y,个人用户,MultiRotor,Autel Alpha,Surveying,SN1081,216,Longhua,Longgang,True,True,True
2023-09-26,22:00:00,Baoan,77,37.89,ENT0006,Company F,个人用户,FixedWing,E200,Surveying,SN1036,262,Longhua,Longhua,False,True,True
2023-01-02,02:56:00,Guangming,107,30.98,ENT0004,Company D,企业用户,Helicopter,Dragonfish,Emergency,SN1051,138,Futian,Pingshan,False,True,True
2023-08-03,00:49:00,Guangming,67,5.91,ENT0023,Company W,企业用户,MultiRotor,E200,Personal,SN1094,239,Longgang,Longgang,False,True,True
2023-12-21,14:04:00,Nanshan,96,1.12,ENT0030,Company ^,企业用户,MultiRotor,E200,Emergency,SN1088,246,Pingshan,Pingshan,False,True,True
2023-03-06,00:18:00,Guangming,91,4.23,ENT0025,Company Y,企业用户,MultiRotor,P100,Inspection,SN1060,659,Nanshan,Dapeng,False,True,True
2023-11-15,11:13:00,Luohu,111,13.62,ENT0011,Company K,个人用户,MultiRotor,M300,Emergency,SN1062,154,Pingshan,Pingshan,False,True,True
2023-07-29,22:30:00,Nanshan,15,31.48,ENT0026,Company Z,未知用户,MultiRotor,E200,Surveying,SN1037,582,Baoan,Guangming,False,True,True
2023-03-20,11:14:00,Pingshan,10,15.62,ENT0001,Company A,个人用户,Helicopter,Dragonfish,Emergency,SN1061,704,Dapeng,Dapeng,False,True,True
2023-02-16,12:11:00,Guangming,82,20.67,ENT0019,Company S,企业用户,MultiRotor,Mavic 3,Logistics,SN1010,778,Yantian,Yantian,False,True,True
2023-12-18,23:21:00,Dapeng,37,10.21,ENT0017,Company Q,企业用户,MultiRotor,Mavic 3,Personal,SN1094,380,Dapeng,Dapeng,False,True,True
2023-12-16,18:59:00,Futian,39,27.16,ENT0026,Company Z,企业用户,Helicopter,M300,Inspection,SN1094,173,Futian,Futian,False,True,True
2023-12-11,19:57:00,Yantian,49,4.73,ENT0027,Company [,未知用户,MultiRotor,Dragonfish,Emergency,SN1029,312,Nanshan,Nanshan,True,True,True
2023-09-26,09:01:00,Longgang,67,22.14,ENT0015,Company O,企业用户,Helicopter,Mavic 3,Logistics,SN1042,317,Longhua,Longhua,False,True,True
2023-10-17,13:31:00,Dapeng,112,11.23,ENT0023,Company W,企业用户,Helicopter,P100,Surveying,SN1025,80,Luohu,Luohu,True,True,True
2023-12-28,11:37:00,Dapeng,80,26.55,ENT0012,Company L,个人用户,MultiRotor,Mavic 3,Surveying,SN1039,72,Baoan,Baoan,False,True,True
2023-06-20,03:12:00,Baoan,92,23.29,ENT0014,Company N,个人用户,MultiRotor,M300,Personal,SN1009,239,Nanshan,Longhua,False,True,True
2023-08-14,03:53:00,Baoan,111,17.76,ENT0006,Company F,企业用户,MultiRotor,Mavic 3,Logistics,SN1084,395,Futian,Futian,True,True,True
2023-01-09,08:29:00,Longgang,60,16.71,ENT0010,Company J,企业用户,FixedWing,Mavic 3,Logistics,SN1037,441,Yantian,Yantian,False,True,True
2023-03-08,18:41:00,Luohu,95,7.26,ENT0019,Company S,未知用户,MultiRotor,V50,Personal,SN1036,278,Longgang,Pingshan,False,True,True
2023-04-05,19:32:00,Dapeng,89,30.17,ENT0011,Company K,个人用户,Helicopter,P100,Emergency,SN1068,700,Yantian,Luohu,False,True,True
2023-04-20,02:26:00,Guangming,13,23.6,ENT0027,Company [,企业用户,FixedWing,M300,Surveying,SN1086,616,Baoan,Baoan,False,True,True
2023-06-01,18:55:00,Luohu,87,40.8,ENT0006,Company F,企业用户,Helicopter,Autel Alpha,Personal,SN1040,268,Longhua,Longhua,False,True,True
2023-11-25,09:39:00,Dapeng,27,4.76,ENT0005,Company E,企业用户,Helicopter,P100,Personal,SN1015,528,Longhua,Longhua,False,True,True
2023-01-09,14:41:00,Baoan,66,29.84,ENT0028,Company \,企业用户,MultiRotor,Autel Alpha,Surveying,SN1006,66,Longhua,Longhua,False,True,True
2023-09-24,00:08:00,Longhua,59,13.17,ENT0014,Company N,个人用户,MultiRotor,E200,Surveying,SN1059,207,Baoan,Baoan,False,True,True
2023-05-21,02:03:00,Longgang,41,54.25,ENT0012,Company L,企业用户,Helicopter,M300,Surveying,SN1000,460,Futian,Futian,False,True,True
2023-07-03,21:20:00,Futian,24,3.47,ENT0013,Company M,企业用户,FixedWing,Autel Alpha,Surveying,SN1036,692,Futian,Futian,True,True,True
2023-06-30,09:15:00,Luohu,101,27.52,ENT0001,Company A,未知用户,MultiRotor,Mavic 3,Emergency,SN1018,606,Yantian,Yantian,False,False,False
2023-07-07,06:54:00,Guangming,94,40.91,ENT0003,Company C,个人用户,Helicopter,V50,Personal,SN1004,594,Nanshan,Nanshan,False,True,True
2023-11-01,03:58:00,Yantian,80,50.61,ENT0029,Company ],个人用户,MultiRotor,Dragonfish,Personal,SN1031,481,Guangming,Guangming,False,True,True
2023-06-24,04:41:00,Longgang,34,29.44,ENT0030,Company ^,企业用户,FixedWing,M300,Logistics,SN1023,467,Luohu,Luohu,False,True,True
2023-10-17,22:53:00,Dapeng,7,44.51,ENT0018,Company R,未知用户,Helicopter,M300,Emergency,SN1013,588,Dapeng,Pingshan,True,True,True
2023-11-19,15:03:00,Luohu,109,16.53,ENT0008,Company H,企业用户,FixedWing,V50,Inspection,SN1091,748,Nanshan,Yantian,False,True,True
2023-04-02,16:50:00,Longhua,40,25.48,ENT0003,Company C,个人用户,Helicopter,E200,Surveying,SN1003,89,Luohu,Luohu,False,True,True
2023-05-18,23:05:00,Longhua,84,19.4,ENT0026,Company Z,企业用户,Helicopter,E200,Logistics,SN1062,241,Pingshan,Pingshan,False,True,True
2023-09-19,21:05:00,Yantian,85,41.21,ENT0014,Company N,企业用户,MultiRotor,M300,Inspection,SN1065,668,Longhua,Longhua,False,True,True
2023-07-16,09:41:00,Pingshan,13,36.6,ENT0025,Company Y,企业用户,Helicopter,E200,Surveying,SN1044,209,Nanshan,Nanshan,False,True,True
2023-10-09,21:31:00,Baoan,8,59.37,ENT0018,Company R,个人用户,Helicopter,P100,Surveying,SN1017,780,Longhua,Longhua,False,True,True
2023-06-16,19:15:00,Longhua,87,9.99,ENT0006,Company F,未知用户,MultiRotor,Autel Alpha,Inspection,SN1083,747,Nanshan,Nanshan,True,True,False
2023-05-28,13:28:00,Longhua,15,58.48,ENT0010,Company J,个人用户,FixedWing,V50,Surveying,SN1036,233,Pingshan,Dapeng,False,True,True
2023-01-30,14:11:00,Yantian,42,8.47,ENT0020,Company T,企业用户,FixedWing,Autel Alpha,Logistics,SN1089,525,Baoan,Baoan,False,True,True
2023-04-24,04:17:00,Nanshan,48,16.09,ENT0029,Company ],未知用户,FixedWing,Dragonfish,Logistics,SN1009,607,Futian,Longgang,True,True,True
2023-04-29,13:34:00,Pingshan,51,29.07,ENT0004,Company D,企业用户,Helicopter,Autel Alpha,Logistics,SN1025,776,Nanshan,Nanshan,False,True,True
2023-11-26,22:43:00,Guangming,21,15.22,ENT0017,Company Q,个人用户,FixedWing,E200,Logistics,SN1005,682,Pingshan,Pingshan,False,True,True
2023-05-01,10:07:00,Dapeng,57,35.77,ENT0016,Company P,个人用户,Helicopter,E200,Surveying,SN1060,396,Yantian,Yantian,False,True,True
2023-01-07,17:32:00,Guangming,69,55.9,ENT0009,Company I,企业用户,Helicopter,P100,Inspection,SN1083,789,Futian,Futian,False,True,True
2023-09-26,23:03:00,Dapeng,111,47.3,ENT0016,Company P,企业用户,Helicopter,E200,Surveying,SN1090,715,Longgang,Longgang,False,True,True
2023-08-06,18:17:00,Dapeng,7,11.11,ENT0029,Company ],个人用户,FixedWing,Mavic 3,Logistics,SN1062,418,Dapeng,Guangming,False,True,True
2023-06-01,00:18:00,Baoan,23,36.29,ENT0005,Company E,个人用户,MultiRotor,Autel Alpha,Personal,SN1000,158,Longgang,Longgang,False,True,True
2023-08-25,11:34:00,Longhua,59,3.98,ENT0015,Company O,个人用户,FixedWing,Autel Alpha,Logistics,SN1052,190,Longhua,Longgang,False,True,True
2023-05-04,09:50:00,Pingshan,90,13.25,ENT0013,Company M,企业用户,Helicopter,Mavic 3,Surveying,SN1039,614,Dapeng,Dapeng,False,True,True
2023-12-20,10:41:00,Longhua,114,44.96,ENT0023,Company W,企业用户,Helicopter,Autel Alpha,Personal,SN1079,477,Dapeng,Dapeng,False,True,True
2023-06-23,19:11:00,Guangming,59,51.79,ENT0020,Company T,个人用户,FixedWing,Dragonfish,Surveying,SN1043,81,Dapeng,Dapeng,False,True,True
2023-01-08,11:53:00,Futian,83,18.74,ENT0012,Company L,企业用户,FixedWing,Mavic 3,Logistics,SN1084,94,Longgang,Longgang,False,False,False
2023-10-06,05:41:00,Guangming,46,25.32,ENT0011,Company K,个人用户,Helicopter,V50,Surveying,SN1027,266,Dapeng,Dapeng,False,True,True
2023-06-11,00:24:00,Nanshan,73,46.01,ENT0006,Company F,企业用户,FixedWing,M300,Emergency,SN1097,318,Baoan,Baoan,False,True,True
2023-03-04,15:21:00,Longhua,107,37.23,ENT0005,Company E,企业用户,Helicopter,V50,Surveying,SN1080,779,Pingshan,Pingshan,False,True,True
2023-10-14,04:22:00,Longhua,76,58.24,ENT0025,Company Y,未知用户,Helicopter,Autel Alpha,Personal,SN1084,289,Pingshan,Baoan,True,True,False
2023-05-07,09:05:00,Longgang,85,3.98,ENT0018,Company R,个人用户,Helicopter,M300,Inspection,SN1019,512,Pingshan,Baoan,False,True,True
2023-06-25,05:58:00,Dapeng,40,59.48,ENT0002,Company B,个人用户,MultiRotor,Autel Alpha,Personal,SN1038,703,Longhua,Nanshan,False,True,True
2023-08-29,15:20:00,Dapeng,40,58.64,ENT0028,Company \,个人用户,FixedWing,Mavic 3,Inspection,SN1055,583,Dapeng,Dapeng,False,True,True
2023-11-29,19:39:00,Futian,96,44.29,ENT0017,Company Q,个人用户,MultiRotor,V50,Personal,SN1095,398,Baoan,Baoan,False,True,True
2023-04-14,11:41:00,Dapeng,111,23.15,ENT0007,Company G,企业用户,MultiRotor,Mavic 3,Logistics,SN1045,450,Yantian,Yantian,False,True,True
2023-03-30,14:44:00,Longhua,95,32.07,ENT0007,Company G,个人用户,FixedWing,V50,Surveying,SN1049,560,Nanshan,Luohu,False,True,True
2023-05-24,05:20:00,Baoan,85,38.76,ENT0020,Company T,个人用户,Helicopter,V50,Inspection,SN1079,288,Longgang,Longgang,False,True,True
2023-11-01,16:24:00,Longgang,69,58.2,ENT0020,Company T,未知用户,FixedWing,P100,Personal,SN1050,303,Futian,Dapeng,False,True,True
2023-09-24,18:04:00,Longhua,51,27.36,ENT0004,Company D,未知用户,FixedWing,E200,Logistics,SN1071,339,Longgang,Luohu,False,True,True
2023-10-26,11:34:00,Longgang,97,7.38,ENT0005,Company E,企业用户,MultiRotor,E200,Inspection,SN1005,679,Luohu,Luohu,False,True,True
2023-05-24,17:32:00,Luohu,75,22.15,ENT0008,Company H,个人用户,Helicopter,E200,Inspection,SN1012,638,Nanshan,Nanshan,False,True,True
2023-08-11,05:04:00,Yantian,36,9.3,ENT0028,Company \,个人用户,FixedWing,M300,Surveying,SN1090,709,Dapeng,Baoan,False,True,True
2023-09-18,14:10:00,Yantian,96,11.31,ENT0019,Company S,企业用户,FixedWing,P100,Emergency,SN1078,537,Luohu,Luohu,False,True,True
2023-01-30,03:59:00,Pingshan,48,24.56,ENT0028,Company \,企业用户,MultiRotor,M300,Logistics,SN1025,309,Luohu,Luohu,False,True,True
2023-09-15,07:34:00,Baoan,58,5.61,ENT0026,Company Z,企业用户,FixedWing,E200,Emergency,SN1061,244,Pingshan,Pingshan,False,True,True
2023-06-11,22:10:00,Futian,11,22.78,ENT0028,Company \,未知用户,FixedWing,P100,Surveying,SN1079,475,Futian,Futian,False,True,True
2023-09-18,01:39:00,Yantian,10,38.88,ENT0017,Company Q,企业用户,FixedWing,V50,Personal,SN1089,374,Pingshan,Pingshan,False,True,True
2023-12-22,20:44:00,Nanshan,100,37.72,ENT0021,Company U,企业用户,Helicopter,V50,Inspection,SN1034,526,Yantian,Yantian,False,True,True
2023-11-08,23:58:00,Nanshan,106,53.91,ENT0007,Company G,企业用户,MultiRotor,P100,Emergency,SN1055,713,Longhua,Futian,False,True,True
2023-08-20,02:35:00,Baoan,46,50.04,ENT0002,Company B,企业用户,MultiRotor,Mavic 3,Surveying,SN1052,473,Luohu,Luohu,False,True,True
2023-06-20,11:16:00,Pingshan,79,1.52,ENT0023,Company W,企业用户,MultiRotor,Dragonfish,Surveying,SN1031,713,Luohu,Luohu,False,True,True
2023-01-16,16:10:00,Luohu,8,50.92,ENT0025,Company Y,企业用户,FixedWing,Autel Alpha,Emergency,SN1049,114,Longhua,Baoan,False,True,False
2023-08-02,02:30:00,Yantian,56,33.43,ENT0021,Company U,企业用户,MultiRotor,P100,Personal,SN1012,317,Dapeng,Longgang,False,True,True
2023-03-05,03:30:00,Longgang,63,37.35,ENT0004,Company D,企业用户,MultiRotor,M300,Logistics,SN1051,702,Luohu,Nanshan,True,True,False
2023-08-27,06:23:00,Longgang,83,37.61,ENT0018,Company R,企业用户,MultiRotor,Autel Alpha,Logistics,SN1081,597,Baoan,Baoan,False,True,True
2023-06-06,18:59:00,Yantian,6,6.0,ENT0024,Company X,企业用户,MultiRotor,Autel Alpha,Emergency,SN1062,410,Luohu,Luohu,True,True,True
2023-02-01,04:02:00,Luohu,116,25.67,ENT0021,Company U,未知用户,FixedWing,M300,Inspection,SN1052,56,Longhua,Longgang,False,True,True
2023-07-28,07:38:00,Nanshan,74,50.17,ENT0003,Company C,企业用户,MultiRotor,Dragonfish,Surveying,SN1084,505,Luohu,Luohu,False,True,True
2023-04-16,23:16:00,Luohu,39,31.11,ENT0008,Company H,企业用户,FixedWing,E200,Inspection,SN1086,528,Pingshan,Dapeng,False,True,True
2023-11-17,17:59:00,Yantian,9,10.17,ENT0030,Company ^,未知用户,FixedWing,Autel Alpha,Logistics,SN1036,98,Yantian,Baoan,False,True,True
2023-08-31,00:44:00,Nanshan,43,52.77,ENT0029,Company ],个人用户,MultiRotor,P100,Personal,SN1017,381,Yantian,Yantian,False,True,True
2023-07-07,16:55:00,Longhua,80,22.46,ENT0021,Company U,企业用户,MultiRotor,V50,Personal,SN1006,341,Guangming,Guangming,False,True,True
2023-06-19,23:54:00,Dapeng,72,37.86,ENT0016,Company P,个人用户,FixedWing,V50,Emergency,SN1009,454,Dapeng,Longhua,False,True,True
2023-02-06,17:16:00,Guangming,69,40.27,ENT0027,Company [,企业用户,FixedWing,Mavic 3,Surveying,SN1044,371,Guangming,Guangming,False,True,True
2023-05-16,01:25:00,Pingshan,35,49.83,ENT0002,Company B,企业用户,Helicopter,E200,Personal,SN1088,628,Guangming,Guangming,True,True,True
2023-12-08,00:28:00,Luohu,86,24.6,ENT0002,Company B,企业用户,Helicopter,Mavic 3,Logistics,SN1005,541,Guangming,Guangming,False,True,True
2023-01-14,10:54:00,Nanshan,42,15.91,ENT0023,Company W,个人用户,FixedWing,Autel Alpha,Surveying,SN1078,532,Luohu,Luohu,False,True,True
2023-03-01,00:17:00,Pingshan,106,20.44,ENT0025,Company Y,企业用户,Helicopter,Autel Alpha,Personal,SN1014,519,Longgang,Longgang,False,True,True
2023-02-15,02:07:00,Longhua,79,51.2,ENT0026,Company Z,企业用户,FixedWing,V50,Personal,SN1087,464,Yantian,Yantian,False,True,True
2023-09-22,07:26:00,Dapeng,33,23.92,ENT0012,Company L,企业用户,FixedWing,E200,Inspection,SN1049,261,Nanshan,Yantian,False,True,False
2023-02-27,00:28:00,Guangming,7,37.57,ENT0014,Company N,企业用户,FixedWing,Mavic 3,Logistics,SN1026,466,Futian,Pingshan,False,True,True
2023-11-30,12:10:00,Guangming,16,14.68,ENT0020,Company T,企业用户,FixedWing,E200,Personal,SN1059,123,Pingshan,Pingshan,False,True,True
2023-11-29,14:33:00,Nanshan,102,53.21,ENT0011,Company K,企业用户,Helicopter,P100,Surveying,SN1017,601,Pingshan,Futian,False,True,True
2023-01-18,05:28:00,Baoan,102,3.43,ENT0012,Company L,个人用户,MultiRotor,Dragonfish,Emergency,SN1031,212,Dapeng,Nanshan,False,True,True
2023-10-12,13:34:00,Baoan,51,29.63,ENT0012,Company L,个人用户,Helicopter,Autel Alpha,Inspection,SN1084,766,Dapeng,Dapeng,True,True,True
2023-10-14,19:15:00,Baoan,115,6.69,ENT0008,Company H,个人用户,Helicopter,P100,Inspection,SN1099,471,Yantian,Yantian,False,True,True
2023-01-08,17:03:00,Baoan,12,35.04,ENT0017,Company Q,企业用户,FixedWing,Mavic 3,Inspection,SN1015,549,Longgang,Longgang,False,True,True
2023-09-08,14:59:00,Dapeng,94,12.32,ENT0026,Company Z,未知用户,FixedWing,Dragonfish,Logistics,SN1016,442,Dapeng,Dapeng,False,True,True
2023-08-22,21:09:00,Longgang,102,55.26,ENT0028,Company \,个人用户,FixedWing,M300,Surveying,SN1033,315,Luohu,Nanshan,False,True,True
2023-06-15,14:41:00,Baoan,88,45.43,ENT0022,Company V,企业用户,MultiRotor,E200,Inspection,SN1009,177,Pingshan,Pingshan,False,True,False
2023-01-15,05:06:00,Longhua,34,24.74,ENT0012,Company L,企业用户,MultiRotor,E200,Personal,SN1005,241,Baoan,Luohu,False,True,True
2023-01-29,03:26:00,Guangming,116,56.24,ENT0023,Company W,企业用户,FixedWing,Dragonfish,Personal,SN1006,482,Nanshan,Nanshan,True,True,True
2023-12-30,18:17:00,Pingshan,39,59.57,ENT0022,Company V,未知用户,Helicopter,Dragonfish,Emergency,SN1066,384,Baoan,Baoan,False,True,True
